{
  "train_loss": [
    0.3352283700649204,
    0.24768149170800635,
    0.18364426022385313,
    0.13869977984679202,
    0.13505295605546302,
    0.1192199027908793,
    0.11008972815069996,
    0.13068929855849165,
    0.11180242654343284,
    0.1285462103672122,
    0.12134891929858126,
    0.10587576867330595,
    0.11615245460527517,
    0.13227227291784407,
    0.1300834173647066,
    0.10386623229571908,
    0.09585177216073244,
    0.13101254967473897,
    0.12240101154919082,
    0.12324276553909676,
    0.11762239756647884,
    0.11889809071814102,
    0.12208808394138768,
    0.1301429055534466,
    0.11353385553420445,
    0.10884616589631702,
    0.12142106637999904,
    0.12053777875577207,
    0.08911981401949755,
    0.12907825841802514,
    0.11987378589981973,
    0.11185099485030021
  ],
  "val_loss": [
    1.063703073107678,
    1.0688990950584412,
    1.228900417037632,
    1.2262952340685802,
    1.3368028065432673,
    1.452215798523115,
    1.4451281208059061,
    1.4252963869468025,
    1.451213944217433,
    1.39251040375751,
    1.487731942664022,
    1.5436832477217135,
    1.5628962335379228,
    1.5628999160683674,
    1.584438003923582,
    1.6536720848601798,
    1.6100500537001567,
    1.608373691206393,
    1.6218936974587648,
    1.7060478238955787,
    1.5706290175085482,
    1.7751420256884203,
    1.6847483075183372,
    1.6259265360624895,
    1.5476407149563665,
    1.5689502902652905,
    1.6634900919769122,
    1.663921744927116,
    1.6148676120716592,
    1.5506434660890829,
    1.6265996901885322,
    1.5115010388519452
  ],
  "val_acc": [
    0.8174386920980926,
    0.8201634877384196,
    0.8201634877384196,
    0.8256130790190735,
    0.8310626702997275,
    0.8119891008174387,
    0.8119891008174387,
    0.8310626702997275,
    0.8256130790190735,
    0.8174386920980926,
    0.8147138964577657,
    0.8228882833787466,
    0.8283378746594006,
    0.8392370572207084,
    0.8283378746594006,
    0.8092643051771117,
    0.8256130790190735,
    0.8310626702997275,
    0.8337874659400545,
    0.8310626702997275,
    0.8147138964577657,
    0.8147138964577657,
    0.8283378746594006,
    0.8228882833787466,
    0.8174386920980926,
    0.8228882833787466,
    0.8283378746594006,
    0.8228882833787466,
    0.8228882833787466,
    0.8337874659400545,
    0.8283378746594006,
    0.8283378746594006
  ],
  "val_qwk": [
    0.861293267626097,
    0.8567283733438722,
    0.8587939326674066,
    0.8772829598651182,
    0.8619138591052863,
    0.8611010076185794,
    0.8589113399469523,
    0.861850812963705,
    0.8695002213336623,
    0.8573227595253712,
    0.862704398720811,
    0.8613565295383587,
    0.8609882238679131,
    0.8790221484342103,
    0.8603050976488156,
    0.8499144587671899,
    0.8631333213865385,
    0.8619708193912983,
    0.8613671524434403,
    0.8589626933575978,
    0.855595009596929,
    0.8578903473063405,
    0.8620378719567178,
    0.878108889969242,
    0.8560690818361832,
    0.8597060858709275,
    0.8567599213508796,
    0.8554124587981667,
    0.8597060858709275,
    0.8635002366852473,
    0.8625908805039142,
    0.8766851034117908
  ],
  "gate_mean": [
    0.5832050061616741,
    0.6873335913230812,
    0.8122585324641786,
    0.8836323237809979,
    0.9221564651838418,
    0.9360447262154251,
    0.9449036052969636,
    0.9479263027509054,
    0.9498323273789036,
    0.9509364816009022,
    0.9552977876585038,
    0.9630366339058173,
    0.9653597141875595,
    0.9666668808525377,
    0.9650189863528059,
    0.9645487855040962,
    0.9650989839288054,
    0.9614349528740013,
    0.9584194617193253,
    0.954204461287931,
    0.9509945485761256,
    0.9484420477366838,
    0.9469483507786943,
    0.945380699439127,
    0.9446653883313872,
    0.9455240606610241,
    0.9448969269710812,
    0.9438189655705228,
    0.9440213822927631,
    0.9441732923841216,
    0.9402469367277427,
    0.9343965362981369
  ],
  "lambda_noninf": [
    1.5,
    1.492436974789916,
    1.484873949579832,
    1.477310924369748,
    1.469747899159664,
    1.4621848739495797,
    1.4546218487394957,
    1.4470588235294117,
    1.4394957983193277,
    1.4319327731092437,
    1.4243697478991597,
    1.4168067226890757,
    1.4092436974789915,
    1.4016806722689075,
    1.3941176470588235,
    1.3865546218487395,
    1.3789915966386554,
    1.3714285714285714,
    1.3638655462184874,
    1.3563025210084034,
    1.3487394957983194,
    1.3411764705882352,
    1.3336134453781512,
    1.3260504201680672,
    1.3184873949579832,
    1.3109243697478992,
    1.3033613445378152,
    1.2957983193277312,
    1.2882352941176471,
    1.280672268907563,
    1.273109243697479,
    1.265546218487395
  ],
  "margin_noninf": [
    0.02,
    0.019873949579831934,
    0.019747899159663865,
    0.0196218487394958,
    0.019495798319327733,
    0.019369747899159663,
    0.019243697478991597,
    0.01911764705882353,
    0.01899159663865546,
    0.018865546218487395,
    0.01873949579831933,
    0.01861344537815126,
    0.018487394957983194,
    0.018361344537815127,
    0.018235294117647058,
    0.018109243697478992,
    0.017983193277310926,
    0.017857142857142856,
    0.01773109243697479,
    0.017605042016806724,
    0.017478991596638654,
    0.01735294117647059,
    0.017226890756302522,
    0.017100840336134453,
    0.016974789915966387,
    0.01684873949579832,
    0.01672268907563025,
    0.016596638655462185,
    0.01647058823529412,
    0.01634453781512605,
    0.016218487394957983,
    0.016092436974789917
  ]
}