{
  "train_loss": [
    15.8573335990554,
    6.934581694055776,
    4.396124205954088,
    3.1333520786195503,
    2.249457663199941,
    1.5923410558798274,
    1.014019527844067,
    0.7332675031136945,
    0.49412117597183897,
    0.38368522640460173,
    2.759615886243966,
    3.2844957485591455,
    2.4061509354111275,
    1.9760889832968596,
    1.86932421740287,
    1.5294231691301032,
    1.4099753532212613,
    1.1516039066698627,
    0.9365112445281585,
    0.8776611835985887,
    0.7064031606585887,
    0.7782686148754886,
    0.6825311284568263,
    0.449691252740955,
    0.43420949505509737,
    0.3683486100237898,
    0.32633013926100374,
    0.33826549974005526,
    0.2645521282658612,
    0.22906021700403525,
    1.9065596618755756,
    2.956479384317037,
    2.5797371477285616,
    2.141811488145362,
    1.7557085523168083,
    1.774657584324764,
    1.0332937629847618,
    1.14810823339745,
    1.1691039464642583,
    0.8708671826915052
  ],
  "val_loss": [
    1.3196014399113862,
    1.2477947136630183,
    1.0947838905064955,
    1.2785970309506292,
    1.0980247466460518,
    1.0621598881223928,
    1.1247992269370868,
    1.1731418163880059,
    1.1082045027743215,
    1.1553808567316637,
    1.0882164589736774,
    1.2703779987666919,
    1.5142750351325325,
    1.4250863816427148,
    1.5344554273330646,
    1.6969397612240003,
    1.8015055915583735,
    1.915884877231134,
    1.9828433137710975,
    2.016991906677899,
    2.0233963506053323,
    1.9551899331500349,
    2.2561949517415916,
    2.4369138608808103,
    2.302273263101992,
    2.1614653779112776,
    2.3352403638317534,
    2.2296176092780153,
    2.189121129720107,
    2.198856033708738,
    2.305341641864051,
    2.0213297291294388,
    2.2481158237256436,
    1.928116549373321,
    2.2505496105827065,
    2.1287000000314866,
    2.1297560567441196,
    2.571024687393852,
    2.733582849330876,
    2.171864562708399
  ],
  "val_acc": [
    0.7302452316076294,
    0.6485013623978202,
    0.7629427792915532,
    0.7683923705722071,
    0.7656675749318801,
    0.8119891008174387,
    0.7956403269754768,
    0.8201634877384196,
    0.8065395095367848,
    0.8337874659400545,
    0.7956403269754768,
    0.776566757493188,
    0.7438692098092643,
    0.8092643051771117,
    0.8201634877384196,
    0.8174386920980926,
    0.8010899182561307,
    0.8119891008174387,
    0.7874659400544959,
    0.8092643051771117,
    0.7929155313351499,
    0.8310626702997275,
    0.784741144414169,
    0.8147138964577657,
    0.8065395095367848,
    0.8038147138964578,
    0.7983651226158038,
    0.8119891008174387,
    0.8147138964577657,
    0.8201634877384196,
    0.7683923705722071,
    0.7956403269754768,
    0.784741144414169,
    0.8038147138964578,
    0.7629427792915532,
    0.782016348773842,
    0.8010899182561307,
    0.7683923705722071,
    0.6757493188010899,
    0.7384196185286104
  ],
  "val_qwk": [
    0.7635912361931656,
    0.8223149368282343,
    0.7978095648999369,
    0.7779131422295325,
    0.8091008064516129,
    0.856585205976772,
    0.8396353285055511,
    0.8513011768998746,
    0.8547857397222333,
    0.8686409147851969,
    0.842620699853185,
    0.8271314178049929,
    0.8541050790369562,
    0.8520217449053167,
    0.8624703943098292,
    0.8712757285264016,
    0.862094880225458,
    0.869559540705673,
    0.864922882692454,
    0.8639638596084791,
    0.861850912225447,
    0.8834423587409935,
    0.8389925768128532,
    0.8460638838582969,
    0.8528098574534912,
    0.8556430446194225,
    0.846390928807884,
    0.85584655369092,
    0.8562268918276753,
    0.8680583439942477,
    0.8099165491820983,
    0.8381180556522869,
    0.8309089712367538,
    0.8626114507197217,
    0.8183064973149936,
    0.8334731766918723,
    0.8494850936295829,
    0.8130167134138014,
    0.76017174181121,
    0.7925457475747337
  ],
  "gate_mean": [
    0.5042145475338066,
    0.40981338763497566,
    0.3529935987269292,
    0.35952175412673115,
    0.40415771541699685,
    0.44736328704761025,
    0.5124500309183297,
    0.5665029824757185,
    0.6032830580987566,
    0.6182991328135214,
    0.6500606953772039,
    0.6751344497086572,
    0.6945847790749347,
    0.7421840084055082,
    0.8059835306933669,
    0.858511971645668,
    0.8961726225139014,
    0.9204603622519905,
    0.9344667808605673,
    0.9416192346583299,
    0.9466866929022992,
    0.9479358736934558,
    0.9488154226313523,
    0.9492340429884488,
    0.949763056684713,
    0.9493246270659191,
    0.9492415818360334,
    0.9491074743166648,
    0.9493139301492868,
    0.9494195274316548,
    0.9440672231502221,
    0.9223621875210538,
    0.9058731699901852,
    0.8911811406495141,
    0.8961447747678705,
    0.8916309505212502,
    0.9039353513326801,
    0.901900850032848,
    0.90063095809332,
    0.8947628117649933
  ],
  "lambda_noninf": [
    1.5,
    1.492436974789916,
    1.484873949579832,
    1.477310924369748,
    1.469747899159664,
    1.4621848739495797,
    1.4546218487394957,
    1.4470588235294117,
    1.4394957983193277,
    1.4319327731092437,
    1.4243697478991597,
    1.4168067226890757,
    1.4092436974789915,
    1.4016806722689075,
    1.3941176470588235,
    1.3865546218487395,
    1.3789915966386554,
    1.3714285714285714,
    1.3638655462184874,
    1.3563025210084034,
    1.3487394957983194,
    1.3411764705882352,
    1.3336134453781512,
    1.3260504201680672,
    1.3184873949579832,
    1.3109243697478992,
    1.3033613445378152,
    1.2957983193277312,
    1.2882352941176471,
    1.280672268907563,
    1.273109243697479,
    1.265546218487395,
    1.257983193277311,
    1.250420168067227,
    1.2428571428571429,
    1.2352941176470589,
    1.2277310924369749,
    1.2201680672268909,
    1.2126050420168069,
    1.2050420168067226
  ],
  "margin_noninf": [
    0.02,
    0.019873949579831934,
    0.019747899159663865,
    0.0196218487394958,
    0.019495798319327733,
    0.019369747899159663,
    0.019243697478991597,
    0.01911764705882353,
    0.01899159663865546,
    0.018865546218487395,
    0.01873949579831933,
    0.01861344537815126,
    0.018487394957983194,
    0.018361344537815127,
    0.018235294117647058,
    0.018109243697478992,
    0.017983193277310926,
    0.017857142857142856,
    0.01773109243697479,
    0.017605042016806724,
    0.017478991596638654,
    0.01735294117647059,
    0.017226890756302522,
    0.017100840336134453,
    0.016974789915966387,
    0.01684873949579832,
    0.01672268907563025,
    0.016596638655462185,
    0.01647058823529412,
    0.01634453781512605,
    0.016218487394957983,
    0.016092436974789917,
    0.015966386554621848,
    0.01584033613445378,
    0.015714285714285715,
    0.015588235294117648,
    0.01546218487394958,
    0.015336134453781514,
    0.015210084033613448,
    0.015084033613445378
  ]
}