Model,Accuracy,F1,QWK,Best_Val_QWK
Adv_Idea_4_FiLMFusion,0.8419618528610354,0.8283372089110188,0.9008453309887533,0.8886063142403826
Adv_Idea_5_SpectralNorm,0.8310626702997275,0.8246735313115064,0.9006671809237682,0.8821861593823871
Adv_Idea_1_DeformableToken,0.8256130790190735,0.8167768824739047,0.8904211842424469,0.8799578312260712
Adv_Idea_3_PrototypeHead,0.8337874659400545,0.8177741402417325,0.8860181909465598,0.8681629872916938
