{
  "train_loss": [
    1.1769623653810533,
    0.8301625917029511,
    0.6196748856964007,
    0.391835269136507,
    0.22616277354173972,
    0.18118808809680548,
    0.10028780947004882,
    0.0928504697956947,
    0.05604517573501554,
    0.038924621653692516,
    0.19402613041563344,
    0.3327197753988102,
    0.2550495395556479,
    0.22441067366885936,
    0.163831738437907,
    0.13585460064197952,
    0.12835506019944193,
    0.11327657625802179,
    0.08808258544965605,
    0.066846311561507,
    0.05763973913285231,
    0.03751355755693375,
    0.04676376031092148,
    0.034826388633036866,
    0.03273010139750749,
    0.03369585691792655,
    0.027904151854958488,
    0.029317059226850888,
    0.024170968237313042,
    0.024791060140055603,
    0.18163959369032623,
    0.31436100219569774,
    0.22471095764783053,
    0.13994928125325937
  ],
  "val_loss": [
    1.237848858470502,
    1.1019353827704554,
    1.0633653629085291,
    1.1710057077200517,
    1.8365154423467491,
    1.9634769921717437,
    2.089335021765336,
    2.15493972858657,
    2.230976226537124,
    2.2072516485400824,
    2.075257920700571,
    1.9581373217313185,
    2.333475973295129,
    2.2223250600306885,
    2.8869386991566937,
    2.7902407866457235,
    3.0253040311129196,
    2.882221612269464,
    2.5713998649431313,
    2.6939495366228665,
    2.737552390555325,
    2.5846401718647583,
    2.699190394790924,
    2.917737134610829,
    3.043299645225963,
    2.8510549238113607,
    2.877228552394587,
    2.9401641939969165,
    2.8946853219329016,
    2.9309166866638092,
    2.5278622838466065,
    2.4641215869266055,
    1.9348840499701707,
    3.1184520209613056
  ],
  "val_acc": [
    0.7302452316076294,
    0.7683923705722071,
    0.7384196185286104,
    0.7683923705722071,
    0.7656675749318801,
    0.8010899182561307,
    0.8283378746594006,
    0.8228882833787466,
    0.8228882833787466,
    0.8256130790190735,
    0.782016348773842,
    0.7956403269754768,
    0.782016348773842,
    0.773841961852861,
    0.8092643051771117,
    0.8119891008174387,
    0.7901907356948229,
    0.8228882833787466,
    0.8228882833787466,
    0.8201634877384196,
    0.8065395095367848,
    0.8092643051771117,
    0.8092643051771117,
    0.8092643051771117,
    0.8201634877384196,
    0.8119891008174387,
    0.8201634877384196,
    0.8201634877384196,
    0.8256130790190735,
    0.8201634877384196,
    0.7465940054495913,
    0.8010899182561307,
    0.7956403269754768,
    0.7901907356948229
  ],
  "val_f1": [
    0.730594212766214,
    0.7752828919726493,
    0.7464890374165386,
    0.7729556289581823,
    0.7658671706307221,
    0.7931295255432639,
    0.8216820045008616,
    0.8156464902037109,
    0.816653758162196,
    0.8199878948196118,
    0.7842170986879883,
    0.7912241123316104,
    0.7821493228226707,
    0.7785135552929637,
    0.8024282746993124,
    0.8032187158598499,
    0.7875835269178983,
    0.8109510953932766,
    0.8151086219195174,
    0.8183589433311772,
    0.796572292476063,
    0.8016875759236047,
    0.8007170476392828,
    0.7940821766140117,
    0.8061813020675153,
    0.7961476084704686,
    0.8048381391839649,
    0.8053859711568676,
    0.8120966655219644,
    0.8072387739765673,
    0.7435813081810588,
    0.7944314580807103,
    0.793413942905408,
    0.7798033500341416
  ],
  "val_qwk": [
    0.8439661905180023,
    0.843157007070603,
    0.8004364516053774,
    0.8291881850571419,
    0.8417032215766704,
    0.8587453511773926,
    0.873075521492186,
    0.8733988761494957,
    0.8740385833573279,
    0.8780862182328859,
    0.8532304767316077,
    0.8148744679156452,
    0.84719740471523,
    0.8426656428959913,
    0.8509060257610681,
    0.8737978419028654,
    0.8533285435236534,
    0.8620924203867101,
    0.8821861593823871,
    0.8561316984181561,
    0.8580656448694515,
    0.8600127145581691,
    0.8637378345639936,
    0.8648795690704387,
    0.8695831398599411,
    0.8670228085659869,
    0.8723549298126018,
    0.8723876837048233,
    0.8772338150003063,
    0.8686006865872122,
    0.8133653364782425,
    0.8360423635575609,
    0.8751915929033989,
    0.8419334222518617
  ]
}