{
  "accuracy": 0.6975476839237057,
  "f1_macro": 0.6245243567805504,
  "qwk": 0.709137340803769,
  "classification_report": {
    "No DR": {
      "precision": 0.9261363636363636,
      "recall": 0.9005524861878453,
      "f1-score": 0.9131652661064426,
      "support": 181.0
    },
    "Mild": {
      "precision": 0.0,
      "recall": 0.0,
      "f1-score": 0.0,
      "support": 37.0
    },
    "Moderate": {
      "precision": 0.4869109947643979,
      "recall": 0.93,
      "f1-score": 0.6391752577319587,
      "support": 100.0
    },
    "Severe": {
      "precision": 0.0,
      "recall": 0.0,
      "f1-score": 0.0,
      "support": 19.0
    },
    "Proliferative": {
      "precision": 0.0,
      "recall": 0.0,
      "f1-score": 0.0,
      "support": 30.0
    },
    "accuracy": 0.6975476839237057,
    "macro avg": {
      "precision": 0.2826094716801523,
      "recall": 0.3661104972375691,
      "f1-score": 0.3104681047676802,
      "support": 367.0
    },
    "weighted avg": {
      "precision": 0.5894326465793504,
      "recall": 0.6975476839237057,
      "f1-score": 0.6245243567805504,
      "support": 367.0
    }
  }
}