{"train_loss": [1.9002417623996735, 0.9217265829688213, 0.8411455205718025, 0.8420739103861845, 0.8244941470727243, 0.8237311861228421, 0.7931119906283467, 0.7849374222950857, 0.7775295554288749, 0.7697993738403737, 0.8103214067513825, 0.8091854606984091, 0.8020395014455409, 0.8076394648174119, 0.790527374040885, 0.7798396327782199, 0.7718686627559974, 0.7702466086611721], "val_loss": [0.9507934915597173, 0.9237076310435822, 0.9161903058313219, 0.8586413564733978, 0.8433094157834794, 0.8031838839970102, 0.8069216061677855, 0.7907017574972938, 0.7965918046901921, 0.7964596020753117, 0.8511042669618487, 0.8985675300499399, 0.8920296937308454, 0.7889335899327041, 0.8347680261739269, 0.8346019876912764, 0.7817421054482785, 0.7711753302763853], "val_acc": [0.6975476839237057, 0.6839237057220708, 0.7166212534059946, 0.7084468664850136, 0.7166212534059946, 0.7166212534059946, 0.7166212534059946, 0.7220708446866485, 0.7220708446866485, 0.7166212534059946, 0.7166212534059946, 0.6893732970027248, 0.6920980926430518, 0.7166212534059946, 0.7166212534059946, 0.6920980926430518, 0.7193460490463215, 0.7220708446866485], "val_f1": [0.6132795198380395, 0.6115998128232445, 0.6394208843421071, 0.6329054501656839, 0.6378733605210978, 0.6311864035509667, 0.6353391422383249, 0.6399656655787446, 0.6394550526067422, 0.632180509019585, 0.6398679273423896, 0.6034749934077525, 0.6056724092467258, 0.633219717816631, 0.6743660409089985, 0.6391255650422559, 0.6357896449203858, 0.6378230745027195], "val_qwk": [0.6226649927487609, 0.6566204717822273, 0.7258636788048553, 0.7050975816482657, 0.7145064095540703, 0.6774519058624393, 0.7078184812362994, 0.7158234543531131, 0.7161144824430474, 0.6930671561546231, 0.7255803213072212, 0.6206228194857217, 0.6245746651160787, 0.6967436803479206, 0.6553400413901378, 0.5808954079293587, 0.7125576538160299, 0.7085653990079193]}