{
  "train_loss": [
    61.86023983408193,
    19.372873473350758,
    13.903447073092941,
    8.31156030113304,
    6.4040282405108195,
    3.662653678562799,
    2.0036823663118977,
    1.3827839740335857,
    0.6096978580147153,
    0.3358356863577195,
    8.760473194043021,
    7.4933861385023945,
    5.684277558767261,
    4.8632523114629915,
    3.7038362488193757,
    3.909641353786471,
    2.4216387423615706,
    2.215140547089713,
    1.99697046430432,
    1.525012625726862,
    1.360469359789409,
    1.1474159220710163,
    0.8811436073459846,
    0.577739050583465,
    0.4712631043181067,
    0.5009717851469675,
    0.3716100766705099,
    0.26517108970773834,
    0.2700609482750989,
    0.11534383743492553,
    4.534674242054438,
    3.687874276155515,
    3.692661425061021,
    3.276043191971268,
    2.854680263605391,
    2.839554829468583
  ],
  "val_loss": [
    27.300015724871468,
    12.95941123755082,
    9.065673473088637,
    9.06325175969497,
    8.532690216341745,
    13.621627624942764,
    14.413640940480906,
    11.216496312099954,
    11.686854481656649,
    10.699668706111286,
    12.751040951065395,
    19.171586504449014,
    24.963894740394924,
    19.909177572830863,
    12.044710226680921,
    15.885987414290076,
    14.337497157895047,
    13.712095296577267,
    19.45192354399225,
    12.367010603780331,
    14.861641808696415,
    14.568613049776658,
    17.974356414575308,
    19.9401403931172,
    12.946505821269492,
    15.589376182659812,
    14.68125421586244,
    16.513529440631036,
    15.06142967161925,
    14.522578830304353,
    19.068125351174746,
    22.37732107742973,
    15.365527329237565,
    14.491670081847468,
    23.514211644944936,
    19.789189670396887
  ],
  "val_acc": [
    0.6920980926430518,
    0.6811989100817438,
    0.6920980926430518,
    0.7029972752043597,
    0.773841961852861,
    0.7656675749318801,
    0.8147138964577657,
    0.779291553133515,
    0.782016348773842,
    0.8256130790190735,
    0.7356948228882834,
    0.7574931880108992,
    0.784741144414169,
    0.8092643051771117,
    0.8038147138964578,
    0.8147138964577657,
    0.7629427792915532,
    0.782016348773842,
    0.8038147138964578,
    0.7956403269754768,
    0.8256130790190735,
    0.8065395095367848,
    0.8147138964577657,
    0.8119891008174387,
    0.8201634877384196,
    0.8256130790190735,
    0.8174386920980926,
    0.8256130790190735,
    0.8283378746594006,
    0.8283378746594006,
    0.8038147138964578,
    0.776566757493188,
    0.8038147138964578,
    0.7929155313351499,
    0.7956403269754768,
    0.8119891008174387
  ],
  "val_f1": [
    0.6888400965253983,
    0.6644702764062105,
    0.6948654886943816,
    0.7035369483013619,
    0.7821372402316499,
    0.7615284161207511,
    0.7927359320257552,
    0.774317476760617,
    0.7736577584792073,
    0.8164983861169147,
    0.7410431667282215,
    0.751369915953096,
    0.7527042732284572,
    0.7924752485181834,
    0.8042424618841378,
    0.8041284870695536,
    0.7673417703907748,
    0.7827729269653104,
    0.7892564608565762,
    0.7936252393318785,
    0.8094636520820216,
    0.8053102529324268,
    0.7955537011089041,
    0.78541336788542,
    0.8160051587577128,
    0.8122009593108002,
    0.8134268237991772,
    0.8138313977485931,
    0.8202310276927177,
    0.8220794454654777,
    0.7970002686010874,
    0.7630078216974491,
    0.7899533592780472,
    0.7883860666706299,
    0.7792130284807979,
    0.7945714549250615
  ],
  "val_qwk": [
    0.7178598302171124,
    0.8405632076679654,
    0.7490891467836713,
    0.7946911820485332,
    0.8473553195625049,
    0.8281017765533316,
    0.8488656061752397,
    0.8272128060263654,
    0.832394835751506,
    0.8546083719154217,
    0.8385754862565884,
    0.8137439133118441,
    0.798891333179793,
    0.8347929284661973,
    0.8561801899682971,
    0.8457163566078763,
    0.8474056667197607,
    0.8248931266281114,
    0.8612049803708195,
    0.8595125685849176,
    0.8681629872916938,
    0.8582254411876965,
    0.8496408314138223,
    0.8484067121116916,
    0.8598516445185913,
    0.8511620652004368,
    0.8528178368341381,
    0.8531076676768254,
    0.8545518928210456,
    0.8535120533932368,
    0.8234520452603082,
    0.8406781962947064,
    0.8385914501847183,
    0.8538697120007455,
    0.8249647240817759,
    0.8467209460569229
  ]
}