{
  "train_loss": [
    1.1821234068258213,
    0.880675738300782,
    0.5964212000288599,
    0.41235933512897116,
    0.22670605662151602,
    0.15993346619280438,
    0.11272997367858971,
    0.07175704583318035,
    0.059454070326362934,
    0.040468073936245755,
    0.29616334683196127,
    0.30535121983562247,
    0.199109772544372,
    0.21228562516641875,
    0.16919722278297705,
    0.1577472273356016,
    0.09952720660503026,
    0.11933525724669608,
    0.0725536471920171,
    0.06205609274282503,
    0.0550379345940613,
    0.04890606959201787,
    0.041351526049460456,
    0.03523634824928021,
    0.03245344679379358,
    0.030665095316787,
    0.029303401331729175,
    0.02867142779549934,
    0.024914635751892605,
    0.028625004717541046,
    0.21636741784257915,
    0.30299836007497766,
    0.1913042772541273
  ],
  "val_loss": [
    1.0117490323989287,
    1.074716682019441,
    1.078195538857709,
    1.1223552469973979,
    1.3621194398273593,
    1.734073521974294,
    1.6834934993606547,
    1.8798157289300277,
    1.7609315123409033,
    1.8921952363427565,
    1.8765823854052501,
    1.852328301447889,
    2.1740830553614576,
    1.9402198726716249,
    1.6190164024415223,
    2.1451910656431448,
    2.355722568605257,
    2.1298527834208114,
    2.138665709806525,
    2.2674427058385764,
    2.0077665331571,
    2.3249668304039086,
    2.2832295441109203,
    2.245305336039999,
    2.2792605174624403,
    2.3292113412981448,
    2.318387149468712,
    2.276766292426897,
    2.3040057900159256,
    2.2816865029542344,
    2.7046478468438853,
    1.9802690679612367,
    2.0453750504099806
  ],
  "val_acc": [
    0.776566757493188,
    0.773841961852861,
    0.7929155313351499,
    0.782016348773842,
    0.8147138964577657,
    0.8201634877384196,
    0.8419618528610354,
    0.8283378746594006,
    0.8201634877384196,
    0.8256130790190735,
    0.7384196185286104,
    0.8092643051771117,
    0.7656675749318801,
    0.779291553133515,
    0.7956403269754768,
    0.8065395095367848,
    0.8201634877384196,
    0.8201634877384196,
    0.8228882833787466,
    0.8228882833787466,
    0.8038147138964578,
    0.8228882833787466,
    0.8337874659400545,
    0.8201634877384196,
    0.8365122615803815,
    0.8201634877384196,
    0.8256130790190735,
    0.8256130790190735,
    0.8256130790190735,
    0.8256130790190735,
    0.7983651226158038,
    0.7683923705722071,
    0.7983651226158038
  ],
  "val_qwk": [
    0.8396183303325501,
    0.8244979437088773,
    0.8356203428478358,
    0.8467132660958441,
    0.8542559816601533,
    0.8622629301908992,
    0.8861181817545514,
    0.8735417179424071,
    0.8715417786738351,
    0.8688625064187966,
    0.8209066392705792,
    0.857042312748713,
    0.8307494882437327,
    0.8606509339738668,
    0.8617355268115032,
    0.8499967731989072,
    0.8512291828075116,
    0.8906084810097106,
    0.8579904553076229,
    0.8748799008213234,
    0.8467021945588161,
    0.8526654108279271,
    0.8697524527259259,
    0.8667770515069404,
    0.8863572290186763,
    0.8658035275512794,
    0.8665476461383625,
    0.8710971439134856,
    0.8620941560335995,
    0.8762015783157137,
    0.833021769878243,
    0.8350758451182156,
    0.8564882756970865
  ]
}