{"train_loss": [1.507462287698287, 0.897170032796964, 0.8181411221704847, 0.8185332273362113, 0.7736353023700375, 0.7677705588399387, 0.7388079166412354, 0.7249149482269757, 0.7130068999822022, 0.6973972730949277, 0.8156981363973982, 0.8058321122589007, 0.7608989174248743, 0.7716695601171483, 0.7632373665037051, 0.767410710291133, 0.7333764603229168, 0.7394448890060675, 0.7405702948488825, 0.7417339433412082], "val_loss": [1.0833685620604159, 0.8315691964990112, 0.8592209779436647, 0.8307707540345777, 0.7733658479085086, 0.8188741271274941, 0.7824924057933226, 0.7757137357701398, 0.7578141386404998, 0.7578061929515661, 0.8043779393795076, 0.8050928423612579, 0.874385065944708, 0.8670507502166062, 0.8028256940256997, 0.8131006425018207, 0.7719033272779605, 0.7474032259604586, 0.7832903873368245, 0.7772340633239019], "val_acc": [0.7057220708446866, 0.7166212534059946, 0.7002724795640327, 0.7193460490463215, 0.7247956403269755, 0.7329700272479565, 0.7329700272479565, 0.7411444141689373, 0.7493188010899182, 0.7465940054495913, 0.7384196185286104, 0.7493188010899182, 0.7193460490463215, 0.6784741144414169, 0.7329700272479565, 0.7138964577656676, 0.7384196185286104, 0.7438692098092643, 0.7356948228882834, 0.7220708446866485], "val_f1": [0.628898794602874, 0.6342222885653716, 0.6268141214698519, 0.6388777423454859, 0.6425296577716662, 0.6717859796878871, 0.6838918367672132, 0.6944947335404141, 0.7000472547347856, 0.6985565946438387, 0.6881995380834476, 0.7054302148613731, 0.637820004104128, 0.6015851867435326, 0.6755994915053284, 0.6438360477965959, 0.6930801968466582, 0.6913343129404471, 0.6801175281528071, 0.6541326217247176], "val_qwk": [0.685873871105795, 0.7081177073005982, 0.700748184633015, 0.7110804959653612, 0.719682255635816, 0.671300975341205, 0.6896759023858552, 0.6853190784912431, 0.7011156418110651, 0.687578305518082, 0.7152958773070505, 0.7111834714325633, 0.7115252349916483, 0.6195687755057503, 0.6708970117833611, 0.7155054400712515, 0.6894416441907393, 0.7022690080651681, 0.6892103992828081, 0.6981685241906177]}