{
  "train_loss": [
    1.0978259690146628,
    0.8583949086118917,
    0.7548730288698373,
    0.6178941549987741,
    0.48953883871028986,
    0.40166237730471815,
    0.3114667435487111,
    0.26936997033533505,
    0.24846075642141488,
    0.2338678598648212,
    0.38890529957299674,
    0.462070707414971,
    0.3939401949526834,
    0.4087834420099936,
    0.3179058647546612,
    0.27545572978144134,
    0.2616716479587425,
    0.20556077544317872,
    0.19551525087874444,
    0.19155949071212544,
    0.16082488212103402,
    0.1756678183812424,
    0.16028149904367703,
    0.1593603565474677,
    0.14723731612002916,
    0.1536323036286023,
    0.14359021087080404
  ],
  "val_loss": [
    1.027116677035456,
    0.9706467662168585,
    0.8931864927644315,
    0.9813902378082275,
    0.9002397462077762,
    1.0836730456870536,
    1.0421364747959634,
    1.0758449901705203,
    1.0693813173667244,
    1.0718695469524548,
    1.1534799603016481,
    1.0267274859158888,
    1.247204708016437,
    1.226229516060456,
    0.9778419687696125,
    1.2087417879830236,
    1.144363970860191,
    1.299623482901117,
    1.3692448514959086,
    1.3033071730447852,
    1.428813206112903,
    1.3452168073019255,
    1.5097405084449311,
    1.3436837636906167,
    1.3704115281934324,
    1.3069506553204164,
    1.3323644684708638
  ],
  "val_acc": [
    0.7683923705722071,
    0.779291553133515,
    0.8174386920980926,
    0.8065395095367848,
    0.8256130790190735,
    0.8201634877384196,
    0.8283378746594006,
    0.8228882833787466,
    0.8256130790190735,
    0.8174386920980926,
    0.7656675749318801,
    0.8147138964577657,
    0.779291553133515,
    0.7656675749318801,
    0.7956403269754768,
    0.8092643051771117,
    0.8174386920980926,
    0.8228882833787466,
    0.8119891008174387,
    0.8119891008174387,
    0.8147138964577657,
    0.8119891008174387,
    0.8119891008174387,
    0.8283378746594006,
    0.8174386920980926,
    0.8283378746594006,
    0.8256130790190735
  ],
  "val_qwk": [
    0.850296944821499,
    0.8424135331353254,
    0.8896286212129212,
    0.8626395422588085,
    0.8799211205829295,
    0.8575902879791568,
    0.8651848962821199,
    0.866618515059645,
    0.861398602656212,
    0.8582432252337314,
    0.8720993912512164,
    0.8901147174462747,
    0.8425521842685326,
    0.8112227559966054,
    0.8898094521149988,
    0.8578929172332727,
    0.8538369987542663,
    0.8680688973800426,
    0.8728641381182881,
    0.8792104639306946,
    0.8691479480488807,
    0.882326381845427,
    0.8624555244556193,
    0.8730370959070616,
    0.8640118204561094,
    0.8680590698941844,
    0.8652609063482688
  ],
  "gate_mean": [
    0.5760554384664108,
    0.5811056028949758,
    0.5998073757671919,
    0.6246486602585173,
    0.655126946219981,
    0.6823613848842558,
    0.7090205221228261,
    0.7281244947610657,
    0.738207990680236,
    0.7419519926029476,
    0.7586106003307905,
    0.769818010551682,
    0.7835103426474691,
    0.8006173424382027,
    0.8176484055857841,
    0.8385096172817418,
    0.8542824029271069,
    0.8706011459475658,
    0.8861776867199466,
    0.8961649540343571,
    0.9034553199517922,
    0.9088928950288908,
    0.9119944517078296,
    0.9151489272143671,
    0.9176539553970587,
    0.9190284329685358,
    0.9199418386474985
  ]
}