{
  "train_loss": [
    1.4310606973744482,
    1.011420851359602,
    0.84231241592944,
    0.6643514264721037,
    0.4588367154648721,
    0.31605652391483063,
    0.20128399379490342,
    0.11061966392915197,
    0.07600075168094739,
    0.055123409851913975,
    0.3531600062859945,
    0.3506335624559818,
    0.30450581928811804,
    0.32563847773759297,
    0.24110112154329594,
    0.20189013746849163,
    0.16331326282061176,
    0.1489363914075869,
    0.11845495283911907,
    0.10416946485589466,
    0.09083036326395269,
    0.0722334743091428,
    0.07396486987575178,
    0.07298768863372106
  ],
  "val_loss": [
    1.0062368512153625,
    1.062371005182681,
    1.079824499461962,
    0.9289577797703121,
    1.1729359160298887,
    1.6652745850708173,
    1.9670109139836354,
    2.3984854480494624,
    2.3871872774932696,
    2.5512932513071145,
    1.3870862152265466,
    1.93446372643761,
    2.102804822118386,
    2.051311281064282,
    2.818122162119202,
    2.828136902788411,
    3.0961010624533114,
    2.585457377459692,
    3.33619248283946,
    2.8160356011079704,
    3.40484538026478,
    2.9440847013307656,
    3.050377792638281,
    2.8597450334092844
  ],
  "val_acc": [
    0.662125340599455,
    0.7547683923705722,
    0.6975476839237057,
    0.7956403269754768,
    0.8038147138964578,
    0.8147138964577657,
    0.7901907356948229,
    0.8419618528610354,
    0.8392370572207084,
    0.8365122615803815,
    0.784741144414169,
    0.7901907356948229,
    0.7547683923705722,
    0.7574931880108992,
    0.8010899182561307,
    0.8174386920980926,
    0.7874659400544959,
    0.8228882833787466,
    0.8256130790190735,
    0.8174386920980926,
    0.8201634877384196,
    0.8283378746594006,
    0.8201634877384196,
    0.8147138964577657
  ],
  "val_f1": [
    0.6536498799499428,
    0.7554446569118348,
    0.7037602371675219,
    0.7965406257979885,
    0.8045636655520045,
    0.8090267312570764,
    0.7878487159873782,
    0.8319715654006475,
    0.8305884132402156,
    0.8252422963227869,
    0.7928175418522371,
    0.7920758638204634,
    0.7576291399429309,
    0.758769933554618,
    0.7936702979449937,
    0.8025272534090272,
    0.7805436074277168,
    0.8153764959584712,
    0.8133144457564123,
    0.8096780787294173,
    0.8046020282706464,
    0.8161586963238486,
    0.812032681031496,
    0.8027567434880506
  ],
  "val_qwk": [
    0.8227254869547856,
    0.8245440606458864,
    0.8015337742560195,
    0.864352792445812,
    0.8702876556791121,
    0.8748530559867908,
    0.8355094227394012,
    0.879549076033962,
    0.8799578312260712,
    0.878228554906171,
    0.8300845055796182,
    0.8650042992261393,
    0.8391455719755547,
    0.840100954990246,
    0.8500557452201071,
    0.8523257685498149,
    0.8542071853611302,
    0.8690949061323925,
    0.8661926090473373,
    0.8595627439475497,
    0.8583107319003542,
    0.8684381107651814,
    0.866636703117006,
    0.8676474667800967
  ]
}