{
    "best_epoch": 79,
    "best_val_qwk": 0.8254357798165137,
    "test_loss": 0.84592658602472,
    "test_accuracy": 0.7543668122270742,
    "test_precision": 0.7389624024333327,
    "test_recall": 0.7543668122270742,
    "test_f1_score": 0.7306023968655154,
    "test_specificity": 0.9316085659610553,
    "test_roc_auc": 0.918790354856067,
    "test_qwk": 0.7952996109961246,
    "confusion_matrix": [
        [
            435,
            4,
            12,
            0,
            0
        ],
        [
            18,
            30,
            43,
            0,
            2
        ],
        [
            16,
            26,
            202,
            2,
            4
        ],
        [
            0,
            1,
            30,
            9,
            8
        ],
        [
            0,
            9,
            46,
            4,
            15
        ]
    ]
}