{
    "best_epoch": 44,
    "best_val_qwk": 0.809123247965461,
    "test_loss": 0.8298447907998644,
    "test_accuracy": 0.6997816593886463,
    "test_precision": 0.7327977971809849,
    "test_recall": 0.6997816593886463,
    "test_f1_score": 0.7043360940198897,
    "test_specificity": 0.9263416747973846,
    "test_roc_auc": 0.9236620325413509,
    "test_qwk": 0.7533336171662126,
    "confusion_matrix": [
        [
            427,
            16,
            4,
            4,
            0
        ],
        [
            12,
            51,
            15,
            10,
            5
        ],
        [
            16,
            44,
            117,
            44,
            29
        ],
        [
            0,
            5,
            9,
            29,
            5
        ],
        [
            0,
            20,
            20,
            17,
            17
        ]
    ]
}