{
  "accuracy": 0.7084468664850136,
  "f1_macro": 0.6446018988905211,
  "qwk": 0.7139625510882996,
  "classification_report": {
    "No DR": {
      "precision": 0.9257142857142857,
      "recall": 0.8950276243093923,
      "f1-score": 0.9101123595505618,
      "support": 181.0
    },
    "Mild": {
      "precision": 0.0,
      "recall": 0.0,
      "f1-score": 0.0,
      "support": 37.0
    },
    "Moderate": {
      "precision": 0.5026737967914439,
      "recall": 0.94,
      "f1-score": 0.6550522648083623,
      "support": 100.0
    },
    "Severe": {
      "precision": 0.8,
      "recall": 0.21052631578947367,
      "f1-score": 0.3333333333333333,
      "support": 19.0
    },
    "Proliferative": {
      "precision": 0.0,
      "recall": 0.0,
      "f1-score": 0.0,
      "support": 30.0
    },
    "accuracy": 0.7084468664850136,
    "macro avg": {
      "precision": 0.4456776165011459,
      "recall": 0.40911078801977324,
      "f1-score": 0.37969959153845145,
      "support": 367.0
    },
    "weighted avg": {
      "precision": 0.6349364179657496,
      "recall": 0.7084468664850136,
      "f1-score": 0.6446018988905211,
      "support": 367.0
    }
  }
}