{"train_loss": [4.029307966023846, 0.8941533368467633, 0.8303718353555503, 0.7999503001814983, 0.8081102532441499, 0.7693223594967785, 0.7529294029122493, 0.7371701793592484, 0.730511579520064, 0.7254823058680758, 0.7832937620865191, 0.7720009917444218, 0.787186233072333, 0.7718739105704052, 0.7651798616830117, 0.7555719692198957, 0.7464123913824884, 0.7400894619402338, 0.7388069471700596, 0.7278676930346776, 0.7261010304174788, 0.7226220957242726, 0.7174834569132393, 0.7099353259867006, 0.7021541847883026, 0.703959364382947], "val_loss": [0.9441083453656542, 0.8263200186091483, 0.8813426023608008, 0.8385725406275133, 0.9741916956953521, 0.7788633416718943, 0.7894477283110086, 0.78291282350101, 0.7732983104864323, 0.7751974006277339, 0.7916026398823761, 0.8179060370948075, 0.7882548909258777, 0.7968636732497723, 0.8534462659008172, 0.782467638926545, 0.7577809032854657, 0.7820811399159704, 0.7753035728223318, 0.7786246614495155, 0.7536529398419227, 0.7612768137162648, 0.7653396144225098, 0.7613254760364095, 0.765356068471472, 0.7694711553628178], "val_acc": [0.7220708446866485, 0.7057220708446866, 0.7111716621253406, 0.7193460490463215, 0.6975476839237057, 0.7329700272479565, 0.7247956403269755, 0.7247956403269755, 0.7247956403269755, 0.7166212534059946, 0.7138964577656676, 0.7356948228882834, 0.7193460490463215, 0.7356948228882834, 0.7084468664850136, 0.7411444141689373, 0.7356948228882834, 0.7411444141689373, 0.7302452316076294, 0.7384196185286104, 0.7302452316076294, 0.7356948228882834, 0.7384196185286104, 0.7302452316076294, 0.7411444141689373, 0.7302452316076294], "val_f1": [0.6377175151017113, 0.6395108644097913, 0.6350149100019579, 0.6388777423454859, 0.6370262945237143, 0.6938483827102312, 0.6446970080250171, 0.64725777163874, 0.6462997012861263, 0.6452479706216192, 0.6410338115851463, 0.6837594756415791, 0.6347128952205224, 0.6797033105365243, 0.6760475941249997, 0.6980900454664063, 0.6853287123942522, 0.6944483375212439, 0.6778346929244652, 0.6931562704481752, 0.6748968837228072, 0.6787418914276822, 0.6937188263100406, 0.6833883498201602, 0.6954045896129495, 0.6837086444989968], "val_qwk": [0.684289043273733, 0.6975327528370172, 0.705250071511871, 0.7110804959653612, 0.6009204542958195, 0.6758033408983102, 0.7178878461517568, 0.7167306239448412, 0.7173104193487805, 0.7106049402590457, 0.7192951194036807, 0.6320070357444949, 0.6807828214188638, 0.6838809384667794, 0.6625127839322087, 0.6866050216020765, 0.7024574083348782, 0.685576535411907, 0.6715992509983926, 0.6983224291226304, 0.6985185879447131, 0.7042447212588117, 0.6947424621350493, 0.6932942592262435, 0.7049996218985175, 0.6783397532518283]}