{
  "accuracy": 0.7220708446866485,
  "f1_macro": 0.6731058081894445,
  "qwk": 0.7123266719651719,
  "classification_report": {
    "No DR": {
      "precision": 0.9052631578947369,
      "recall": 0.9502762430939227,
      "f1-score": 0.9272237196765498,
      "support": 181.0
    },
    "Mild": {
      "precision": 0.2777777777777778,
      "recall": 0.13513513513513514,
      "f1-score": 0.18181818181818182,
      "support": 37.0
    },
    "Moderate": {
      "precision": 0.5454545454545454,
      "recall": 0.84,
      "f1-score": 0.6614173228346457,
      "support": 100.0
    },
    "Severe": {
      "precision": 0.8,
      "recall": 0.21052631578947367,
      "f1-score": 0.3333333333333333,
      "support": 19.0
    },
    "Proliferative": {
      "precision": 0.0,
      "recall": 0.0,
      "f1-score": 0.0,
      "support": 30.0
    },
    "accuracy": 0.7220708446866485,
    "macro avg": {
      "precision": 0.5056990962254121,
      "recall": 0.42718753880370636,
      "f1-score": 0.4207585115325422,
      "support": 367.0
    },
    "weighted avg": {
      "precision": 0.664511890741634,
      "recall": 0.7220708446866485,
      "f1-score": 0.6731058081894445,
      "support": 367.0
    }
  }
}