{"train_loss": [5.570393825000752, 0.9037069712505966, 0.8434872192437531, 0.7973568177288347, 0.7643119256353118, 0.7615800460831064, 0.7457641408743103, 0.7417350277874639, 0.7306813123773356, 0.7228548806873175, 0.801122841450686, 0.7701496022646545, 0.7775061474960359, 0.7661257670388195, 0.7552260916089751, 0.7514663436373726, 0.7502422526560194, 0.7393752979776247, 0.7281653378667727, 0.7288793273310844, 0.719865707263269, 0.7169977864606785, 0.7142388201802155, 0.7171727368414728, 0.7069357724789062, 0.7013995803770472, 0.6970124399401451, 0.6882147661160901], "val_loss": [0.9111110779180189, 0.8707278130489734, 0.8171096096571525, 0.7948948677619082, 0.7765365121150212, 0.7873121112666273, 0.7973626060284451, 0.7797138228078629, 0.7760420786749764, 0.7717281175569227, 0.9068194856760612, 0.7850239347534543, 0.7986686954056534, 0.781002043865682, 0.7864693286308476, 0.7982749475282934, 0.7743220079172535, 0.7838728117682954, 0.7626002387065004, 0.7852414811502035, 0.7855632258046226, 0.7586402803740644, 0.7725027238478128, 0.7936081733625656, 0.7707964635025253, 0.7623943964207205, 0.7568623734592417, 0.7606206749050753], "val_acc": [0.6975476839237057, 0.7166212534059946, 0.7138964577656676, 0.7193460490463215, 0.7193460490463215, 0.7220708446866485, 0.7411444141689373, 0.7193460490463215, 0.7302452316076294, 0.7302452316076294, 0.6920980926430518, 0.7384196185286104, 0.7493188010899182, 0.7247956403269755, 0.7193460490463215, 0.7384196185286104, 0.7384196185286104, 0.7275204359673024, 0.7411444141689373, 0.7247956403269755, 0.7138964577656676, 0.7193460490463215, 0.7275204359673024, 0.7166212534059946, 0.7384196185286104, 0.7384196185286104, 0.7302452316076294, 0.7493188010899182], "val_f1": [0.6127033961451545, 0.6347049934624867, 0.6310713204446174, 0.6388777423454859, 0.6402327920219474, 0.6421351398094407, 0.6879064423562865, 0.6405426083239835, 0.6661623130695158, 0.6743859967954374, 0.620835621412766, 0.6954646140371727, 0.702644372057098, 0.6506678914681209, 0.6545898249865313, 0.6896917269931312, 0.6864861881921474, 0.6830223330683022, 0.6951720808736042, 0.6790544266459646, 0.6415486118483393, 0.6705031691356302, 0.6870737159534178, 0.6723361746938995, 0.6949489411755833, 0.6930333526271227, 0.6878599461164431, 0.7029288854772121], "val_qwk": [0.6391035131133901, 0.6998135081194856, 0.6882853844981162, 0.7110804959653612, 0.7039822550670614, 0.7140464186912743, 0.6440884846255455, 0.7096163728761022, 0.7151213005783507, 0.7087863342058135, 0.691862392010429, 0.7076010056221371, 0.7197005173490323, 0.7096566511896902, 0.6800278994747052, 0.6790135148685837, 0.646045602893913, 0.6655472112058054, 0.7107732722242406, 0.6822546319828853, 0.6939816555760836, 0.7094010207568715, 0.6869607774592743, 0.6302922521934391, 0.6662335975055216, 0.7010304660752428, 0.6888542755180505, 0.705802552876611]}