{
    "best_model_epoch": 46,
    "best_model_val_qwk": 0.7878312737798927,
    "test_loss": 1.4732328748394703,
    "test_metrics": {
        "accuracy": 0.7161572052401747,
        "precision": 0.7091121558472591,
        "recall": 0.7161572052401747,
        "f1_score": 0.7072157549008673,
        "specificity": 0.9258178999041535,
        "roc_auc": 0.9112290079258581,
        "qwk": 0.7474642604070703
    }
}