{
  "accuracy": 0.7438692098092643,
  "f1_macro": 0.6901394707409033,
  "qwk": 0.7460650405618179,
  "classification_report": {
    "No DR": {
      "precision": 0.9340659340659341,
      "recall": 0.9392265193370166,
      "f1-score": 0.9366391184573003,
      "support": 181.0
    },
    "Mild": {
      "precision": 0.5555555555555556,
      "recall": 0.13513513513513514,
      "f1-score": 0.21739130434782608,
      "support": 37.0
    },
    "Moderate": {
      "precision": 0.5497076023391813,
      "recall": 0.94,
      "f1-score": 0.6937269372693727,
      "support": 100.0
    },
    "Severe": {
      "precision": 0.8,
      "recall": 0.21052631578947367,
      "f1-score": 0.3333333333333333,
      "support": 19.0
    },
    "Proliferative": {
      "precision": 0.0,
      "recall": 0.0,
      "f1-score": 0.0,
      "support": 30.0
    },
    "accuracy": 0.7438692098092643,
    "macro avg": {
      "precision": 0.5678658183921342,
      "recall": 0.4449775940523251,
      "f1-score": 0.43621813868156656,
      "support": 367.0
    },
    "weighted avg": {
      "precision": 0.7078807897967514,
      "recall": 0.7438692098092643,
      "f1-score": 0.6901394707409033,
      "support": 367.0
    }
  }
}