{"train_loss": [1.0814572388682862, 0.9446767031169329, 0.8377114729803117, 0.812547456208474, 0.7847698065426831, 0.9242306618742604, 0.7702160974343618, 0.7474789637359766, 0.739811465551293, 0.7325035187064625, 0.7839753196213415, 0.7688430401145435, 0.7744613295532966, 0.7632828419162927, 0.7516817284412072, 0.749154180451169, 0.7527527015228741, 0.7273914011124053, 0.7327093687213835, 0.7180755574032257, 0.7148847923578461, 0.7115404206058367, 0.7100300809236172, 0.7016531698039321, 0.6774921460392697, 0.678964025987302, 0.6709019323515761, 0.6619180860252328, 0.6602694489102546, 0.6567509710951581, 0.749150879070407, 0.8133122584696024, 0.7361088299034723, 0.7479995531462581, 0.7191874411751012, 0.7289032535474809, 0.7153475455573348, 0.7104720648357777, 0.7062147680690379, 0.6952761284640578, 0.6925679117115469, 0.6977854888947284, 0.682403360803922, 0.6817079445377725, 0.6724498766204698, 0.6759922037847707, 0.6614287295302407, 0.6604738865719467, 0.6532260016665432, 0.6501155590099064, 0.6357917623604582, 0.6231280204539742, 0.6071318254444769, 0.5944601925181561, 0.5862214162212903, 0.5818627274752967, 0.5637027985655545, 0.5643985255982706], "val_loss": [0.906872194696837, 0.8795014491522994, 0.8476736418882572, 0.8309704373902781, 1.002190980664391, 0.9322277155656581, 0.7700440603478403, 0.7731387257088758, 0.7699047543047559, 0.7663338967987238, 0.7784808822970949, 0.7929410003024161, 0.7809549107213761, 0.766051303138525, 0.8355935219198222, 0.7838429876016986, 0.8248712308400333, 0.7680502358509345, 0.8178540127965994, 0.8298542959163884, 0.762182641419143, 0.7707535315924184, 0.7827357873117566, 0.8062074816194477, 0.7879345853094833, 0.8173536888097872, 0.7948040979272338, 0.8037511047777752, 0.8140246427189102, 0.8076937299333411, 0.7788152303292901, 0.7777914625747328, 0.8152506599958976, 0.7923098459880423, 0.8176728246647266, 0.8101117476942754, 0.8172239844740574, 0.7580392462193803, 0.7774064444228804, 0.7855631254349482, 0.7756759154049512, 0.8148220821362425, 0.7447112978966425, 0.804939404657816, 0.7897570434480662, 0.8153454593156924, 0.822260639079585, 0.7693939311302975, 0.816408612666403, 0.8147553705714379, 0.7960604015910333, 0.8092476055635094, 0.7535974985897054, 0.786687443951495, 0.7468524890309783, 0.7563003377141355, 0.7981866869354768, 0.7854086094883547], "val_acc": [0.6648501362397821, 0.7138964577656676, 0.7166212534059946, 0.7138964577656676, 0.6975476839237057, 0.7166212534059946, 0.7384196185286104, 0.7411444141689373, 0.7520435967302452, 0.7547683923705722, 0.7220708446866485, 0.7193460490463215, 0.7247956403269755, 0.7411444141689373, 0.7520435967302452, 0.7411444141689373, 0.7220708446866485, 0.7275204359673024, 0.7329700272479565, 0.7384196185286104, 0.7411444141689373, 0.7411444141689373, 0.7465940054495913, 0.7411444141689373, 0.7329700272479565, 0.7438692098092643, 0.7520435967302452, 0.7411444141689373, 0.7329700272479565, 0.7411444141689373, 0.7166212534059946, 0.7247956403269755, 0.7411444141689373, 0.7493188010899182, 0.7220708446866485, 0.7465940054495913, 0.7411444141689373, 0.7547683923705722, 0.7465940054495913, 0.7438692098092643, 0.7384196185286104, 0.7465940054495913, 0.7493188010899182, 0.7465940054495913, 0.7329700272479565, 0.7384196185286104, 0.7465940054495913, 0.7520435967302452, 0.7275204359673024, 0.7547683923705722, 0.7438692098092643, 0.7438692098092643, 0.7493188010899182, 0.7438692098092643, 0.7493188010899182, 0.7411444141689373, 0.7465940054495913, 0.7520435967302452], "val_f1": [0.5962048808460213, 0.6330933373077898, 0.6357448857534843, 0.6328667800057447, 0.6173624111804045, 0.633219717816631, 0.6802232706958282, 0.6984250417820466, 0.7001736166331812, 0.7027975940663846, 0.6383086083358562, 0.6332584914903788, 0.6431618265557046, 0.6914568952320548, 0.6959667961399594, 0.6854454176155232, 0.6700633721410288, 0.6899567258704915, 0.6749877326337056, 0.6892349942071953, 0.6894228513261242, 0.6919080210463464, 0.6954005146338291, 0.6927803959556271, 0.6829080112898342, 0.6898035617898028, 0.7002754001242657, 0.6921187380676449, 0.6831141018866382, 0.6919576217954889, 0.6759716020106227, 0.6783354072001118, 0.6817025382295054, 0.6996363604314606, 0.6476059030124525, 0.6910118435599716, 0.6909441560804447, 0.7028658657262605, 0.6944637172560003, 0.6830487903439486, 0.695348089120197, 0.6955883044776177, 0.6951268410576082, 0.6990518327480376, 0.6949834732922632, 0.6953211932217852, 0.6971482116642289, 0.7023700547853181, 0.6906559720046549, 0.7084948163380637, 0.7018803017934331, 0.7052147179542724, 0.7046184328529687, 0.7051175856034987, 0.7014253742920632, 0.6985310739051749, 0.7076099058417914, 0.7064974962238408], "val_qwk": [0.6239132590658161, 0.6833165851101013, 0.707368490038448, 0.7069001703577513, 0.6156631298658073, 0.7087143245447132, 0.7090202275427089, 0.6840662829982584, 0.6951641572853275, 0.6962517611822965, 0.7082670906200318, 0.669487755389907, 0.702545628030913, 0.7074515491538746, 0.7096336165005352, 0.718989280245023, 0.7198349301883035, 0.6814199723589679, 0.679699773084308, 0.6966799622967994, 0.7027814401132145, 0.7151474159246898, 0.7081962144134992, 0.7247710738015447, 0.6871857113302531, 0.7128277699159244, 0.7254851628894207, 0.6999966634784349, 0.6824590400337219, 0.7086023953226246, 0.6454065974037784, 0.6723323995848354, 0.6876871004965479, 0.7256600995013732, 0.679279386860046, 0.7322178381935477, 0.6989605234057206, 0.7091556237902079, 0.7312707408256818, 0.7146814707750258, 0.7304496523884279, 0.7048497487492928, 0.7382808305363353, 0.7176632978117718, 0.7087094434092429, 0.6797692366341079, 0.6771219047725108, 0.7061485937969152, 0.6847609888620325, 0.7021761692355253, 0.7102298633275135, 0.6744153953175298, 0.6932775792510406, 0.7073677472246711, 0.7257160002182095, 0.6950030041496572, 0.6934205212465216, 0.7057446410262858]}