{
  "train_loss": [
    0.16330313348705,
    0.15939888480256814,
    0.16696870269996872,
    0.17031648556594967,
    0.15978552694203424,
    0.16248587144365728,
    0.1692342355827002,
    0.16043119517261864,
    0.1526973823624882,
    0.16708230446067338,
    0.16145018681558104,
    0.1618197812530838,
    0.16701019685613652,
    0.1649901180889437,
    0.14945936998952933,
    0.1693287933133339,
    0.1501225546470594,
    0.15575933726148203,
    0.15957038600221685,
    0.15539765579860068
  ],
  "val_loss": [
    1.1700565614130185,
    1.18150868817516,
    1.181226363648539,
    1.17610797026883,
    1.2055733139100282,
    1.2197744859301525,
    1.1939518050007198,
    1.154333334254182,
    1.1666215586921442,
    1.1660393068323964,
    1.1776169253432232,
    1.1584397217501765,
    1.1506302855584933,
    1.1934558852859165,
    1.162575271466504,
    1.1785990997501041,
    1.1762400062187859,
    1.1890336501857508,
    1.1775878097700037,
    1.1813958313154138
  ],
  "val_acc": [
    0.8228882833787466,
    0.8256130790190735,
    0.8228882833787466,
    0.8310626702997275,
    0.8201634877384196,
    0.8201634877384196,
    0.8256130790190735,
    0.8365122615803815,
    0.8201634877384196,
    0.8283378746594006,
    0.8228882833787466,
    0.8228882833787466,
    0.8283378746594006,
    0.8201634877384196,
    0.8201634877384196,
    0.8256130790190735,
    0.8310626702997275,
    0.8283378746594006,
    0.8256130790190735,
    0.8283378746594006
  ],
  "val_qwk": [
    0.8753494448073155,
    0.8719956877417718,
    0.8770776988154126,
    0.8823587026690114,
    0.8745661783090302,
    0.87290914711098,
    0.8763362936430272,
    0.8859058000997511,
    0.8748248451576882,
    0.8770035792963845,
    0.878545993672478,
    0.8720940952149678,
    0.8792376649710079,
    0.8855292064841016,
    0.870872668451788,
    0.8799613649584563,
    0.8844538424953164,
    0.8789007653043809,
    0.8811132953773924,
    0.8778281581817138
  ],
  "gate_mean": [
    0.4718747875078128,
    0.456945085460371,
    0.45308565784021804,
    0.4436013656235783,
    0.4490641899447623,
    0.46303951626266937,
    0.4706834733811884,
    0.47561419873289723,
    0.4766505852423079,
    0.4782024408624472,
    0.4860538462472092,
    0.47887789177112894,
    0.47164129119753184,
    0.4708836156813825,
    0.48124778091581794,
    0.48674204994420533,
    0.48570859334507926,
    0.4913741107521161,
    0.49719792702158944,
    0.49576210552225997
  ],
  "loss_noninf": [
    0.013050004575259047,
    0.012478534793837474,
    0.012488627755413942,
    0.012359429171176555,
    0.011817495827181418,
    0.01162965874101132,
    0.011565054731209421,
    0.011438449295084984,
    0.011188896790228255,
    0.011206532065130647,
    0.011435152924634883,
    0.011267019491744497,
    0.011403613886668709,
    0.01101441097654443,
    0.010785105653473587,
    0.010893428280868166,
    0.010552040062071196,
    0.010357805967961993,
    0.010561722994888903,
    0.010333844086491182
  ],
  "loss_distill": [
    0.0,
    0.0,
    0.0,
    0.0,
    0.0,
    0.0,
    0.0,
    0.0,
    0.0,
    0.0,
    0.0,
    0.0,
    0.0,
    0.0,
    0.0,
    0.0,
    0.0,
    0.0,
    0.0,
    0.0
  ],
  "loss_ordinal": [
    0.0,
    0.0,
    0.0,
    0.0,
    0.0,
    0.0,
    0.0,
    0.0,
    0.0,
    0.0,
    0.0,
    0.0,
    0.0,
    0.0,
    0.0,
    0.0,
    0.0,
    0.0,
    0.0,
    0.0
  ],
  "lambda_noninf": [
    1.0,
    0.9917721518987341,
    0.9835443037974684,
    0.9753164556962025,
    0.9670886075949368,
    0.9588607594936709,
    0.950632911392405,
    0.9424050632911393,
    0.9341772151898734,
    0.9259493670886076,
    0.9177215189873418,
    0.9094936708860759,
    0.9012658227848102,
    0.8930379746835443,
    0.8848101265822785,
    0.8765822784810127,
    0.8683544303797468,
    0.8601265822784809,
    0.8518987341772152,
    0.8436708860759494
  ],
  "margin_noninf": [
    0.012,
    0.01189873417721519,
    0.01179746835443038,
    0.01169620253164557,
    0.01159493670886076,
    0.01149367088607595,
    0.01139240506329114,
    0.011291139240506329,
    0.01118987341772152,
    0.01108860759493671,
    0.0109873417721519,
    0.010886075949367089,
    0.010784810126582278,
    0.01068354430379747,
    0.010582278481012659,
    0.010481012658227849,
    0.010379746835443038,
    0.010278481012658228,
    0.010177215189873419,
    0.010075949367088608
  ]
}