{"train_loss": [6.78435525737825, 0.9698218643013897, 0.8723424899447811, 0.8255118602286271, 0.7943511818601785, 0.7756560523001874, 0.7707783536669987, 0.7560216317899892, 0.7391634384791056, 0.7249732525622259, 0.7894516235492268, 0.8049168441790701, 0.7840937247367504, 0.765971621773282, 0.7786281820529145, 0.7650453049302752, 0.754814925170987, 0.7461017937770958, 0.7496175583594483, 0.7359348017661298, 0.7331338537846758, 0.7219261280337318, 0.7245560689864914, 0.7131196225438613, 0.7020110663820486, 0.6995943437834256, 0.6877168559474371, 0.6880444062700688, 0.6815636328172162, 0.6811110589022193, 0.7454128183953749, 0.7541364413467261, 0.7332867138861306, 0.7328595598864425, 0.7197330537063827, 0.717700987178934], "val_loss": [1.5866175805515423, 0.9511694420910661, 0.923378563219585, 0.8333956828234306, 0.8090713137014686, 0.7764965791143579, 0.7691768299006636, 0.7865641242152014, 0.7604116004884081, 0.7528524970488587, 0.7967670729602065, 0.8550797882781691, 0.7824780859804283, 0.8138802803504694, 0.7862671962063709, 0.7674411372040533, 0.768195455178253, 0.7687912010042154, 0.7776943230011808, 0.7612231990946736, 0.7628612787099885, 0.7832648624191492, 0.7691963214315576, 0.7648328146427789, 0.7585541113033607, 0.7496612549477767, 0.7560991004149985, 0.7588266739241109, 0.756232329545294, 0.753863037038564, 0.8169209858052412, 0.7919379519831582, 0.7900591514578308, 0.787224014139955, 0.7844800878448123, 0.7965722187988115], "val_acc": [0.6321525885558583, 0.7057220708446866, 0.7057220708446866, 0.7166212534059946, 0.7166212534059946, 0.7138964577656676, 0.7193460490463215, 0.7247956403269755, 0.7275204359673024, 0.7356948228882834, 0.7220708446866485, 0.6948228882833788, 0.7029972752043597, 0.7138964577656676, 0.6948228882833788, 0.7138964577656676, 0.7166212534059946, 0.7193460490463215, 0.7138964577656676, 0.7193460490463215, 0.7247956403269755, 0.7220708446866485, 0.7220708446866485, 0.7275204359673024, 0.7247956403269755, 0.7220708446866485, 0.7275204359673024, 0.7275204359673024, 0.7220708446866485, 0.7275204359673024, 0.7057220708446866, 0.7247956403269755, 0.7247956403269755, 0.7275204359673024, 0.7247956403269755, 0.7247956403269755], "val_f1": [0.5477882422406166, 0.6194874480357694, 0.6209175089627307, 0.6747760897860695, 0.6715944140179707, 0.6399845846671662, 0.6394739731874773, 0.6783732214201275, 0.6728007813766653, 0.6842186188487297, 0.6444507521998296, 0.6753562158727424, 0.6348341084562377, 0.6337703961590445, 0.6225779285404125, 0.6614730914292262, 0.6385390821178608, 0.6466623423084883, 0.6791796980174117, 0.6467153129150554, 0.6483244199774685, 0.6830411405764287, 0.6820844888005821, 0.6863858248063686, 0.6786936751292527, 0.6745227989751799, 0.6815180171647556, 0.6827557209471413, 0.6791866626280738, 0.6831795867706889, 0.6266600172038584, 0.6539195288218905, 0.6881435032364756, 0.6678548820238194, 0.6848146682059385, 0.682474734127382], "val_qwk": [0.44478063540090773, 0.6430694085736826, 0.6502907385951424, 0.6761657516562398, 0.6304254709568344, 0.71174881707247, 0.718961612934986, 0.671614404883933, 0.7031089834161693, 0.6987974005091786, 0.7113913266671399, 0.708835619355938, 0.7104368744551484, 0.703359839217057, 0.692341631829162, 0.6952778458863651, 0.7056248453554989, 0.7086022062815998, 0.6708726994390687, 0.7067498984147242, 0.7243141657584127, 0.6639652858345275, 0.6358951034041647, 0.6976048580071335, 0.6995405307565927, 0.6968637626504919, 0.6929572594274113, 0.6899661528993818, 0.6871059657624914, 0.6867961061818141, 0.6547937556077819, 0.6877270701368161, 0.691323272456438, 0.7122772173731251, 0.7022241801873141, 0.6798310600290798]}