{
  "train_loss": [
    1.3050773822870412,
    1.0442365997476004,
    0.9078442765389635,
    0.7632548822894123,
    0.5789692119333913,
    0.46931311557364597,
    0.39092789850925486,
    0.34434312814083257,
    0.3010618881286819,
    0.283181971274927,
    0.4829758033970666,
    0.5149130491041095,
    0.44005219023572945,
    0.41806979336943784,
    0.3196637276458284,
    0.2756166955649527,
    0.3057537049645446,
    0.24204042798183004,
    0.2497228910342429,
    0.24327311405270804,
    0.25037987948563256,
    0.21042945262431448,
    0.19091597193332968,
    0.20225824779561147,
    0.19878615346314804,
    0.16669065384143364,
    0.1583503923465401,
    0.15926833772940224,
    0.15315707114428445,
    0.1412173266537854,
    0.3760216348483914,
    0.5045869217249133,
    0.46763271709669973,
    0.34538358059085783
  ],
  "val_loss": [
    1.0010882292104804,
    1.0499493026215097,
    0.9487630763779515,
    1.008377897998561,
    0.971418137135713,
    1.0176719271618386,
    1.0040760267040003,
    1.037202213121497,
    1.0434894341489542,
    1.0442881454592166,
    1.1055905507958455,
    1.124491194020147,
    1.1476587905831959,
    1.1878713913585828,
    1.1711523144141487,
    1.1755757373960123,
    1.2342391843381135,
    1.3780226642670839,
    1.3266286610261253,
    1.3853992450496424,
    1.4969665443767672,
    1.353517623051353,
    1.36047636134469,
    1.4173284620046616,
    1.373427470093188,
    1.3117680556100348,
    1.3722137653309365,
    1.3290634978076685,
    1.3488327225913173,
    1.3691857308149338,
    1.5442609203898388,
    1.4729268330594767,
    1.4134708176488462,
    1.4057640549929247
  ],
  "val_acc": [
    0.7138964577656676,
    0.7956403269754768,
    0.7493188010899182,
    0.8147138964577657,
    0.8310626702997275,
    0.7956403269754768,
    0.8228882833787466,
    0.8256130790190735,
    0.8283378746594006,
    0.8228882833787466,
    0.7384196185286104,
    0.7874659400544959,
    0.8038147138964578,
    0.7629427792915532,
    0.779291553133515,
    0.8147138964577657,
    0.8256130790190735,
    0.8256130790190735,
    0.8010899182561307,
    0.8147138964577657,
    0.7929155313351499,
    0.8147138964577657,
    0.8283378746594006,
    0.8174386920980926,
    0.8337874659400545,
    0.8365122615803815,
    0.8310626702997275,
    0.8283378746594006,
    0.8337874659400545,
    0.8283378746594006,
    0.6376021798365122,
    0.7356948228882834,
    0.8038147138964578,
    0.7901907356948229
  ],
  "val_qwk": [
    0.7715072666423538,
    0.8156850577553634,
    0.8200323284342907,
    0.8524658419276878,
    0.8593886462882097,
    0.8573694820646505,
    0.8755324633041214,
    0.8724453163943348,
    0.8679234836530743,
    0.8630434831186998,
    0.8306163679746417,
    0.8427201621038335,
    0.8581882290433984,
    0.8653205228629126,
    0.8377531292683088,
    0.8780284114634375,
    0.8709767563450175,
    0.8721931241990305,
    0.8488151434726527,
    0.8629165443119751,
    0.851803007775026,
    0.8604969090452385,
    0.8650468612823305,
    0.8593232742098478,
    0.8709811991131569,
    0.8771888770063487,
    0.8680527994247533,
    0.864714582010206,
    0.8709205054584827,
    0.8657700409731707,
    0.6900445732564124,
    0.847705622743165,
    0.8481123254495011,
    0.8657523313649946
  ],
  "gate_mean": [
    0.5062782490839723,
    0.48483856926198865,
    0.4697512617853821,
    0.48521458532640843,
    0.5222715515582288,
    0.5715429216134743,
    0.6142653875012215,
    0.6417208089203131,
    0.6567974637766354,
    0.6625960104452456,
    0.6834580764744451,
    0.7006621579003465,
    0.7138967478210158,
    0.7348187585346034,
    0.7612805545655756,
    0.803842619794314,
    0.8307393776263045,
    0.8417054795828022,
    0.8533477626863073,
    0.8614659413613909,
    0.8700175493792758,
    0.8729351785013585,
    0.8751482413114746,
    0.8765990040341362,
    0.8771660249741351,
    0.8783797436073179,
    0.8796107006854699,
    0.8798541058608091,
    0.880575824956425,
    0.881083963347263,
    0.8804003159856536,
    0.8751972431693572,
    0.8734470713334005,
    0.8697444122345721
  ],
  "lambda_noninf": [
    1.5,
    1.492436974789916,
    1.484873949579832,
    1.477310924369748,
    1.469747899159664,
    1.4621848739495797,
    1.4546218487394957,
    1.4470588235294117,
    1.4394957983193277,
    1.4319327731092437,
    1.4243697478991597,
    1.4168067226890757,
    1.4092436974789915,
    1.4016806722689075,
    1.3941176470588235,
    1.3865546218487395,
    1.3789915966386554,
    1.3714285714285714,
    1.3638655462184874,
    1.3563025210084034,
    1.3487394957983194,
    1.3411764705882352,
    1.3336134453781512,
    1.3260504201680672,
    1.3184873949579832,
    1.3109243697478992,
    1.3033613445378152,
    1.2957983193277312,
    1.2882352941176471,
    1.280672268907563,
    1.273109243697479,
    1.265546218487395,
    1.257983193277311,
    1.250420168067227
  ],
  "margin_noninf": [
    0.02,
    0.019873949579831934,
    0.019747899159663865,
    0.0196218487394958,
    0.019495798319327733,
    0.019369747899159663,
    0.019243697478991597,
    0.01911764705882353,
    0.01899159663865546,
    0.018865546218487395,
    0.01873949579831933,
    0.01861344537815126,
    0.018487394957983194,
    0.018361344537815127,
    0.018235294117647058,
    0.018109243697478992,
    0.017983193277310926,
    0.017857142857142856,
    0.01773109243697479,
    0.017605042016806724,
    0.017478991596638654,
    0.01735294117647059,
    0.017226890756302522,
    0.017100840336134453,
    0.016974789915966387,
    0.01684873949579832,
    0.01672268907563025,
    0.016596638655462185,
    0.01647058823529412,
    0.01634453781512605,
    0.016218487394957983,
    0.016092436974789917,
    0.015966386554621848,
    0.01584033613445378
  ]
}