{
  "train_loss": [
    7.858655618513868,
    1.418769865739541,
    1.265890888177632,
    1.232125633727006,
    1.2167958372929057,
    1.2063369177729706,
    1.176898989521089,
    1.1653229981823696,
    1.1535735921781571,
    1.1473880556763196,
    1.205913306911135,
    1.216403342335602,
    1.2092520575054357,
    1.1794819427969678,
    1.1805935879874099,
    1.1650611543264546,
    1.170297641083191,
    1.1567902008041007,
    1.1549157979058438,
    1.1730848615938196,
    1.1558494522271912,
    1.126750301142208,
    1.1248951844178914,
    1.1064216313792057,
    1.101174485488016,
    1.1074164946222567,
    1.0750656324983294,
    1.0941765083641302,
    1.075390835440224,
    1.0777589719477898,
    1.1515816065783058,
    1.151475377095853,
    1.1668358625935726,
    1.1735609356171446,
    1.1380057706207525,
    1.1411686306768427,
    1.1400967165420615
  ],
  "val_loss": [
    4.515698225601859,
    1.5772786425507588,
    1.2493678616440815,
    1.1964720150698787,
    1.2756444112114285,
    1.179000947786414,
    1.1791026229443757,
    1.1910617792088052,
    1.1766202994014905,
    1.1760866175527158,
    1.215989659661832,
    1.3006502985954285,
    1.2065780914348105,
    1.1506214530571648,
    1.2233014936032502,
    1.2282037320344343,
    1.1990582735642143,
    1.254128564958987,
    1.1848781471667083,
    1.215218036071114,
    1.1496604136798694,
    1.1685364764669668,
    1.157890946968742,
    1.1297359025996665,
    1.1402029757914336,
    1.1254255875297214,
    1.121799059536146,
    1.1220118843990823,
    1.1242177745570308,
    1.1234294176101685,
    1.1723883955375007,
    1.1855132476143215,
    1.1838735653006511,
    1.1606745408928913,
    1.4481884901938231,
    1.178249999232914,
    1.1871848715388256
  ],
  "val_acc": [
    0.48501362397820164,
    0.6376021798365122,
    0.5367847411444142,
    0.667574931880109,
    0.5258855585831063,
    0.6811989100817438,
    0.6267029972752044,
    0.670299727520436,
    0.6839237057220708,
    0.6866485013623979,
    0.6212534059945504,
    0.5803814713896458,
    0.667574931880109,
    0.6566757493188011,
    0.6566757493188011,
    0.6730245231607629,
    0.6485013623978202,
    0.6648501362397821,
    0.6839237057220708,
    0.6212534059945504,
    0.6457765667574932,
    0.6648501362397821,
    0.659400544959128,
    0.6866485013623979,
    0.6648501362397821,
    0.6566757493188011,
    0.659400544959128,
    0.6512261580381471,
    0.6539509536784741,
    0.6485013623978202,
    0.667574931880109,
    0.667574931880109,
    0.659400544959128,
    0.6566757493188011,
    0.6321525885558583,
    0.6730245231607629,
    0.6485013623978202
  ],
  "val_qwk": [
    0.12315836190502472,
    0.6151389484722818,
    0.5906798258804363,
    0.6195530344090888,
    0.4755585595909938,
    0.6621833015607945,
    0.5864645147704846,
    0.6668857880405241,
    0.6360091183358518,
    0.6469131448398548,
    0.5604681210555087,
    0.6416404470001085,
    0.5607737941707506,
    0.6376291357171102,
    0.6620397431401142,
    0.6364730504800907,
    0.6710860245168796,
    0.63361177525748,
    0.6554698529253686,
    0.6915312608086044,
    0.6718061483695934,
    0.6936116737775004,
    0.6584659643217632,
    0.6724722637131396,
    0.6607729991681082,
    0.6579371424547333,
    0.6550054505624605,
    0.6789648134152946,
    0.6897537688858685,
    0.682815055903135,
    0.6865566784981243,
    0.6882872967832234,
    0.6380906137527469,
    0.6908137588542418,
    0.670451465395643,
    0.6298224864189567,
    0.6269696755572707
  ]
}