{
  "train_loss": [
    1.0781648841386284,
    0.8055745958060515,
    0.6154872502704136,
    0.3994106972803835,
    0.2308469743040375,
    0.1635771717995792,
    0.1405056573539348,
    0.08247846565564777,
    0.057996686147896465,
    0.04364511432317646,
    0.24658574180739876,
    0.27381148474428374,
    0.23240568541700296,
    0.22046070630265185,
    0.15885596619538844,
    0.17592311939063973,
    0.13148653651511327,
    0.08367152346388432,
    0.08567543568964628,
    0.05788196496821096,
    0.05971415426831518,
    0.04962021875341082,
    0.042285305731927056,
    0.03552342167349608,
    0.03132463877093874,
    0.026316837058069614,
    0.027072135275591522,
    0.02590660948090235,
    0.023455401598906068,
    0.02242862181603533,
    0.1599098561545376,
    0.3377517444607064,
    0.25095772299145175,
    0.14670765629684146,
    0.1530942329871303,
    0.08168577976157133
  ],
  "val_loss": [
    1.5376608410607213,
    1.1963250261286031,
    1.1031980605229088,
    1.1998674027297809,
    1.8563644797338739,
    2.4049912568019782,
    2.1142522993942965,
    2.3792554149809093,
    2.5611114333505216,
    2.4355031575845634,
    2.5781498745731684,
    2.6617927386061004,
    1.6734286776703338,
    2.2659995494329412,
    2.2257936894893646,
    2.438235881535903,
    2.0719301681155744,
    2.557243698317072,
    3.6411114114782084,
    2.572724001887052,
    2.959051549434662,
    3.3189254156111376,
    2.7820325699513373,
    2.9922144476972194,
    2.8374344223057446,
    2.685408092549314,
    2.962845753554417,
    2.8889383073572232,
    2.8807913615651755,
    3.0460659929186753,
    4.7312814722890435,
    1.8121464795068554,
    2.6898163605643357,
    2.4592440105650737,
    2.3987058874057685,
    3.478589863556883
  ],
  "val_acc": [
    0.5504087193460491,
    0.7929155313351499,
    0.7438692098092643,
    0.7656675749318801,
    0.8228882833787466,
    0.8228882833787466,
    0.8310626702997275,
    0.8392370572207084,
    0.8283378746594006,
    0.8228882833787466,
    0.7520435967302452,
    0.8147138964577657,
    0.7983651226158038,
    0.7574931880108992,
    0.8147138964577657,
    0.7629427792915532,
    0.8092643051771117,
    0.8228882833787466,
    0.8092643051771117,
    0.8119891008174387,
    0.8256130790190735,
    0.8201634877384196,
    0.8228882833787466,
    0.8228882833787466,
    0.8256130790190735,
    0.8228882833787466,
    0.8283378746594006,
    0.8283378746594006,
    0.8256130790190735,
    0.8283378746594006,
    0.44686648501362397,
    0.771117166212534,
    0.7956403269754768,
    0.7683923705722071,
    0.7929155313351499,
    0.7629427792915532
  ],
  "val_f1": [
    0.5641567907451399,
    0.7904873561933964,
    0.7541314390333359,
    0.7683577377220097,
    0.8194272965447527,
    0.8191517752575185,
    0.8251449610288369,
    0.8322580200863097,
    0.8199307307177413,
    0.817311266785955,
    0.7516269118972876,
    0.8058042503224406,
    0.8026694797800338,
    0.7597644564298743,
    0.8102845475265539,
    0.7654406790310728,
    0.8069762210909348,
    0.8111834405185702,
    0.7960322142008837,
    0.8040517248086342,
    0.8170696120238885,
    0.8079442208070332,
    0.814374809841686,
    0.8124389292245838,
    0.8157810273927876,
    0.8180175994402039,
    0.8192813288444831,
    0.8215503087496927,
    0.817299143998468,
    0.8202851730282694,
    0.5009198587896994,
    0.7710498548230372,
    0.7853495738760303,
    0.7803350200623378,
    0.7892356005350892,
    0.7576075540613214
  ],
  "val_qwk": [
    0.7363450187647632,
    0.8456726852216878,
    0.821367906816886,
    0.8417045376407268,
    0.8733603480515363,
    0.8598661913875825,
    0.8722226564442898,
    0.875433600454483,
    0.8701990173399354,
    0.8791713742293217,
    0.8036649037387165,
    0.848953123878347,
    0.8386662162107157,
    0.8459403207479577,
    0.873355033062553,
    0.8415467963713268,
    0.8657171969802233,
    0.8496532312867794,
    0.8514137620884356,
    0.8537149916667638,
    0.8886063142403826,
    0.8668343942463193,
    0.8729705836954438,
    0.8702599514505904,
    0.8748522714002103,
    0.8711485815122734,
    0.8747207318767053,
    0.8755807129647165,
    0.8695483394212645,
    0.8728694943896491,
    0.6433153209190219,
    0.8309651203333434,
    0.8422928353565974,
    0.879940108459051,
    0.8634049510609733,
    0.8214057320767504
  ]
}