{
  "train_loss": [
    0.16129166575891724,
    0.17756022146490755,
    0.17232125468267118,
    0.16695736543036224,
    0.16508622884831795,
    0.16156752721045187,
    0.179448731050221,
    0.16905112263283442,
    0.1626148512943195,
    0.17370954021567203,
    0.16383108407096134,
    0.16999276025129145,
    0.1691417994761402,
    0.1689179658564062,
    0.16620779835461266,
    0.16529419282298596,
    0.17369919171546652,
    0.159398195939393,
    0.15867705557678566,
    0.16019793721984643,
    0.16657398651287855
  ],
  "val_loss": [
    1.159148172839828,
    1.1641383909660836,
    1.193715178448221,
    1.165989431998004,
    1.1805289607980978,
    1.1698706720186316,
    1.1912993762804114,
    1.192743829411009,
    1.1830911079178685,
    1.1789281880078109,
    1.1933378616104955,
    1.1845543358636939,
    1.2000618875026703,
    1.1789113464562788,
    1.1420459403939869,
    1.1850379971058473,
    1.184252618447594,
    1.2004468790862872,
    1.1996866594190183,
    1.1827687828437141,
    1.17441500528999
  ],
  "val_acc": [
    0.8201634877384196,
    0.8310626702997275,
    0.8283378746594006,
    0.8256130790190735,
    0.8174386920980926,
    0.8256130790190735,
    0.8283378746594006,
    0.8228882833787466,
    0.8283378746594006,
    0.8228882833787466,
    0.8256130790190735,
    0.8201634877384196,
    0.8174386920980926,
    0.8283378746594006,
    0.8256130790190735,
    0.8228882833787466,
    0.8256130790190735,
    0.8256130790190735,
    0.8256130790190735,
    0.8228882833787466,
    0.8228882833787466
  ],
  "val_qwk": [
    0.8807253802378818,
    0.879356237872389,
    0.8731432521813868,
    0.8776629594836207,
    0.8773773413085777,
    0.8817357141280597,
    0.8853432116397394,
    0.8886635289630843,
    0.8840364931019137,
    0.878545993672478,
    0.888870675072343,
    0.8862358036227717,
    0.8821376840881832,
    0.8736911009485933,
    0.8817357141280597,
    0.8745933681419316,
    0.883823994935106,
    0.8740878895681506,
    0.8885458742724577,
    0.8836024086634893,
    0.8741725789935635
  ],
  "gate_mean": [
    0.08411613328616475,
    0.06749852168592599,
    0.062033231548272845,
    0.06588893220887158,
    0.0704769066183782,
    0.06652421426903354,
    0.0672048442778203,
    0.06489834443874698,
    0.06571920198780265,
    0.06563247059334497,
    0.07129773307245611,
    0.06202970880791138,
    0.06246418558834681,
    0.060903492683921354,
    0.06294469298194341,
    0.0635808828322451,
    0.06871264678288679,
    0.06559606958078883,
    0.06389663988327393,
    0.06381764757584353,
    0.06465154298952694
  ],
  "loss_noninf": [
    0.0135145704809047,
    0.01428178553545817,
    0.012549149289808638,
    0.011455970620380236,
    0.01110547492687738,
    0.01135000795930054,
    0.012042629995632693,
    0.011389582412816136,
    0.010632692752253325,
    0.010547420595228021,
    0.011296624903022592,
    0.011503901452212875,
    0.01115200948733531,
    0.0112190068791025,
    0.010882953726406632,
    0.011077349878277609,
    0.010702959269468413,
    0.009815021848071957,
    0.010006551638428793,
    0.010394629101202788,
    0.010424504422994911
  ],
  "loss_distill": [
    0.002436646217331363,
    0.0028768973713087062,
    0.002839456386151698,
    0.0016208570353332793,
    0.0018142903482427253,
    0.0017919196408334864,
    0.0014988506892953664,
    0.0013255213500306523,
    0.0014082881750200513,
    0.0014245542394642366,
    0.001714782845529491,
    0.0020391942383012162,
    0.0019639403003988702,
    0.001670323990934587,
    0.0024337165012810625,
    0.0018384417363434846,
    0.001816678934775438,
    0.0008252149044559591,
    0.0014358499447056194,
    0.001889755865883418,
    0.0018481959736253303
  ],
  "loss_ordinal": [
    0.004764944278537118,
    0.005938628719466907,
    0.0055489759686112895,
    0.005957017686088249,
    0.005763578073750122,
    0.006016892384193186,
    0.0063592208599636095,
    0.0055746182874404915,
    0.005838339987383962,
    0.006266716377532283,
    0.005857170134518153,
    0.005961239968186061,
    0.005820752250646429,
    0.006338511221651548,
    0.006069042271574389,
    0.005429266527348549,
    0.00654654482031582,
    0.005605482623869136,
    0.005645849300825795,
    0.005652514038241056,
    0.005957320759701415
  ],
  "lambda_noninf": [
    0.8,
    0.7920289855072464,
    0.7840579710144928,
    0.7760869565217392,
    0.7681159420289856,
    0.760144927536232,
    0.7521739130434784,
    0.7442028985507246,
    0.736231884057971,
    0.7282608695652174,
    0.7202898550724638,
    0.7123188405797102,
    0.7043478260869566,
    0.696376811594203,
    0.6884057971014493,
    0.6804347826086957,
    0.672463768115942,
    0.6644927536231884,
    0.6565217391304348,
    0.6485507246376812,
    0.6405797101449275
  ],
  "margin_noninf": [
    0.01,
    0.009898550724637682,
    0.009797101449275362,
    0.009695652173913044,
    0.009594202898550725,
    0.009492753623188407,
    0.009391304347826087,
    0.009289855072463769,
    0.00918840579710145,
    0.009086956521739131,
    0.008985507246376812,
    0.008884057971014494,
    0.008782608695652174,
    0.008681159420289856,
    0.008579710144927536,
    0.008478260869565218,
    0.008376811594202898,
    0.00827536231884058,
    0.00817391304347826,
    0.008072463768115943,
    0.007971014492753623
  ]
}