{
  "train_loss": [
    0.1664126753969922,
    0.16178660833689032,
    0.16870469371966326,
    0.17349340715776376,
    0.16317190352033395,
    0.16472609327912657,
    0.17196883405736887,
    0.16336359785961324,
    0.1552091332081237,
    0.16939046610492825,
    0.1637215491262127,
    0.1647755531950401,
    0.16945354186527717,
    0.16675044592123867,
    0.151460686647664,
    0.1704630778461206,
    0.15343425452424203,
    0.15827005583528286,
    0.16127384351210192,
    0.15753320663597414,
    0.15990093275090383,
    0.1572953536088675,
    0.1563312056693223,
    0.17392808530744308,
    0.16890261577737462,
    0.15798330147206133,
    0.16266917920788454
  ],
  "val_loss": [
    1.1718014472204705,
    1.1888321029103321,
    1.1990638945413672,
    1.1821529256260914,
    1.2084564897029295,
    1.2215833184511766,
    1.1999051506104677,
    1.1614598009897315,
    1.171501271750616,
    1.1731143444776535,
    1.1833100176375846,
    1.1668514389058817,
    1.1528261375168096,
    1.1913275226302769,
    1.1676395950110063,
    1.1758911259796307,
    1.1733644157648087,
    1.1903302442768346,
    1.1761303965164267,
    1.1741232437931972,
    1.144787288878275,
    1.1917396025813145,
    1.180442039085471,
    1.1662735057913738,
    1.1748091273981591,
    1.1705076467731725,
    1.182575262759043
  ],
  "val_acc": [
    0.8201634877384196,
    0.8256130790190735,
    0.8228882833787466,
    0.8283378746594006,
    0.8228882833787466,
    0.8283378746594006,
    0.8256130790190735,
    0.8365122615803815,
    0.8174386920980926,
    0.8283378746594006,
    0.8228882833787466,
    0.8256130790190735,
    0.8283378746594006,
    0.8256130790190735,
    0.8256130790190735,
    0.8283378746594006,
    0.8310626702997275,
    0.8283378746594006,
    0.8310626702997275,
    0.8310626702997275,
    0.8310626702997275,
    0.8283378746594006,
    0.8283378746594006,
    0.8283378746594006,
    0.8256130790190735,
    0.8201634877384196,
    0.8337874659400545
  ],
  "val_qwk": [
    0.8760586483511181,
    0.8719956877417718,
    0.8787517264480368,
    0.8814697175898806,
    0.8738577307681732,
    0.87589756505962,
    0.8761802644531846,
    0.8859058000997511,
    0.8755287048727279,
    0.882844078358729,
    0.878545993672478,
    0.8786969120709952,
    0.8792376649710079,
    0.889791531665376,
    0.8773221604047897,
    0.8829953541141266,
    0.8839318758369165,
    0.8783954552829365,
    0.8827418803722227,
    0.8808482713363037,
    0.8824523786222052,
    0.8787499476508006,
    0.8827000990366436,
    0.8869908813223318,
    0.8776331414999543,
    0.8687752444434635,
    0.878080170981868
  ],
  "gate_mean": [
    0.09541787651922208,
    0.0935536381976852,
    0.09626803964457877,
    0.09767881174230836,
    0.09870014758017219,
    0.09527184135316173,
    0.09515837140259195,
    0.0937049289035504,
    0.09015539208111542,
    0.08923399669265812,
    0.08733116385470974,
    0.10685116574778909,
    0.08940217092307538,
    0.08288042439666927,
    0.08567340996706746,
    0.08496694969104938,
    0.08208495032429043,
    0.08373500999124324,
    0.08635654419538427,
    0.08547326922416687,
    0.09171367424433349,
    0.08902259908942252,
    0.0850908869236219,
    0.08493646787978261,
    0.09114372870716893,
    0.08416353356439234,
    0.08564943685883382
  ],
  "loss_noninf": [
    0.012658548124053114,
    0.011973357881556769,
    0.011956917379010733,
    0.012539414510823013,
    0.012165624719581318,
    0.011799132359809563,
    0.011696752206590331,
    0.0115712058063739,
    0.011241233592109929,
    0.01132115166471467,
    0.011663194465873345,
    0.011435291602637598,
    0.011508002164748198,
    0.01138797941836503,
    0.01159187085173332,
    0.012405913923688925,
    0.011515033380459241,
    0.010819979449683199,
    0.011276287311698245,
    0.011693291592569462,
    0.011384099536152974,
    0.011279270068177433,
    0.010627801072035656,
    0.011007372836984409,
    0.01075421729191242,
    0.010270759468399436,
    0.010472168316403048
  ],
  "loss_distill": [
    0.0007351555920644874,
    0.0006563502248787162,
    0.0011436534248568536,
    0.0011515288585885219,
    0.0011305944554791136,
    0.0013004233579457798,
    0.001281950355117315,
    0.0013176874121786394,
    0.0012781569421945948,
    0.0013460115118843156,
    0.0018721623725712342,
    0.002737474004585198,
    0.0019456779610052643,
    0.002534308270358829,
    0.003135026150222905,
    0.0035438230777282745,
    0.002853022114069346,
    0.0022765528014471407,
    0.003596346402242449,
    0.003357487235161351,
    0.0031493973497088547,
    0.002939477579881592,
    0.0027081142335524527,
    0.0034884126157198633,
    0.003752736307979915,
    0.0036511986540748785,
    0.004035940649895356
  ],
  "loss_ordinal": [
    0.0052726508580692765,
    0.00532324876905994,
    0.005966636207835148,
    0.005789220800510063,
    0.005253083090414929,
    0.00576158959890558,
    0.0056235555774415205,
    0.005620933256475917,
    0.005534555498686177,
    0.00597032945227168,
    0.0053601775943718935,
    0.005616468591475605,
    0.005545793377280317,
    0.005791137931687768,
    0.004951747884188875,
    0.00524348471837902,
    0.0050955857555801815,
    0.005377871337120263,
    0.005602001922638944,
    0.0053431370904379084,
    0.005427957025306971,
    0.005204619807980019,
    0.005135077557557064,
    0.005882023947085687,
    0.006446322186530664,
    0.005344892383961496,
    0.005761892630214818
  ],
  "lambda_noninf": [
    0.9,
    0.8928571428571429,
    0.8857142857142858,
    0.8785714285714286,
    0.8714285714285714,
    0.8642857142857143,
    0.8571428571428572,
    0.85,
    0.8428571428571429,
    0.8357142857142857,
    0.8285714285714286,
    0.8214285714285714,
    0.8142857142857143,
    0.8071428571428572,
    0.8,
    0.7928571428571428,
    0.7857142857142857,
    0.7785714285714286,
    0.7714285714285715,
    0.7642857142857142,
    0.7571428571428571,
    0.75,
    0.7428571428571429,
    0.7357142857142858,
    0.7285714285714285,
    0.7214285714285714,
    0.7142857142857143
  ],
  "margin_noninf": [
    0.012,
    0.011904761904761906,
    0.01180952380952381,
    0.011714285714285715,
    0.011619047619047619,
    0.011523809523809525,
    0.011428571428571429,
    0.011333333333333334,
    0.011238095238095238,
    0.011142857142857144,
    0.011047619047619047,
    0.010952380952380953,
    0.010857142857142857,
    0.010761904761904762,
    0.010666666666666666,
    0.010571428571428572,
    0.010476190476190476,
    0.010380952380952381,
    0.010285714285714287,
    0.01019047619047619,
    0.010095238095238095,
    0.01,
    0.009904761904761906,
    0.00980952380952381,
    0.009714285714285715,
    0.009619047619047619,
    0.009523809523809525
  ]
}