{
  "train_loss": [
    0.17449229194329735,
    0.16693996092497976,
    0.17588854475262386,
    0.16468180819857317,
    0.1609766213172446,
    0.16484031791651182,
    0.16287317578909827,
    0.16054879472962494,
    0.16803062129053262,
    0.1682731564782682,
    0.16468970939679875,
    0.1854732158324106,
    0.17634637729147745,
    0.1656076131704075,
    0.16913897631679728,
    0.15760535989058475,
    0.16677594125840833,
    0.1684263548890098,
    0.16195750914391924,
    0.16655614288126835
  ],
  "val_loss": [
    1.2004757186640864,
    1.1712702350771946,
    1.1591316137624823,
    1.18050816655159,
    1.184243055789367,
    1.1667083884062974,
    1.1977540578531183,
    1.1572287860124006,
    1.1975643038749695,
    1.163793762093005,
    1.1888991438824197,
    1.1737646233776342,
    1.2041798823553582,
    1.187189542081045,
    1.1961263405240101,
    1.2463354688623678,
    1.1899206405100615,
    1.181083976574566,
    1.1742139225420745,
    1.2056817334631216
  ],
  "val_acc": [
    0.8228882833787466,
    0.8310626702997275,
    0.8310626702997275,
    0.8256130790190735,
    0.8256130790190735,
    0.8283378746594006,
    0.8256130790190735,
    0.8256130790190735,
    0.8256130790190735,
    0.8310626702997275,
    0.8283378746594006,
    0.8337874659400545,
    0.8256130790190735,
    0.8283378746594006,
    0.8228882833787466,
    0.8256130790190735,
    0.8283378746594006,
    0.8283378746594006,
    0.8228882833787466,
    0.8283378746594006
  ],
  "val_qwk": [
    0.882844078358729,
    0.8808044029173083,
    0.8751588935636917,
    0.8830616485800046,
    0.8782454178993915,
    0.8801653804235116,
    0.8927855531285674,
    0.8776682762946102,
    0.883833905405011,
    0.883871988468063,
    0.8735893019957451,
    0.885155100964268,
    0.8881588971847019,
    0.8787451380708139,
    0.8854347370439576,
    0.874345805820494,
    0.8737978419028654,
    0.8901885047466203,
    0.8779934008923947,
    0.880812645272637
  ],
  "gate_mean": [
    0.10735168980811137,
    0.0751861958698334,
    0.07344405896595267,
    0.07931828167024857,
    0.07860784476897756,
    0.08426586862226002,
    0.08268574471560007,
    0.07883770823926547,
    0.08048795388573832,
    0.08203494551851125,
    0.08217376362674875,
    0.0826409145517916,
    0.0833603689253656,
    0.07954708884770427,
    0.08067877043058963,
    0.08049238157646904,
    0.07881681883677108,
    0.08071992100506532,
    0.0789842884784025,
    0.08216946238214201
  ],
  "loss_noninf": [
    0.013376227368809324,
    0.012537607057987015,
    0.013445368224927963,
    0.013029407725104542,
    0.012482018706190293,
    0.013385994451456383,
    0.012291591202260041,
    0.012707173768329165,
    0.012501080678216096,
    0.01202208413411685,
    0.012769411648801767,
    0.0134241413630423,
    0.01331445512163346,
    0.012835705917471093,
    0.01258765702527729,
    0.012357617985416468,
    0.01163005425538766,
    0.012454844011207585,
    0.011929832638083586,
    0.013270102502381215
  ],
  "loss_distill": [
    0.0017413207888885502,
    0.00101018577926303,
    0.0011520352231631566,
    0.0014204285871727352,
    0.0017721481658877739,
    0.0028205656538678645,
    0.002834535096682954,
    0.0023327595629039745,
    0.002634381467624074,
    0.0026368380596102953,
    0.0025751824676839424,
    0.003314685607739327,
    0.0034442431221224997,
    0.0035985527508666285,
    0.0034695977813553425,
    0.002274070226221092,
    0.002237691853264292,
    0.004073132099346779,
    0.0030673571451248403,
    0.0036419401871459686
  ],
  "loss_ordinal": [
    0.005518679435828019,
    0.005825050517120221,
    0.005958883803658431,
    0.005371212547223842,
    0.00526328895926791,
    0.0055632280362986255,
    0.005422467888298551,
    0.005195075592288208,
    0.005637044585316284,
    0.00597485166476897,
    0.006126618041730704,
    0.006228761384556264,
    0.005785884638921271,
    0.005414103953641091,
    0.005377673494051939,
    0.0054037394083189,
    0.005581477047688496,
    0.005601629686396813,
    0.005684456861319651,
    0.005533892263739772
  ],
  "lambda_noninf": [
    0.9,
    0.8928571428571429,
    0.8857142857142858,
    0.8785714285714286,
    0.8714285714285714,
    0.8642857142857143,
    0.8571428571428572,
    0.85,
    0.8428571428571429,
    0.8357142857142857,
    0.8285714285714286,
    0.8214285714285714,
    0.8142857142857143,
    0.8071428571428572,
    0.8,
    0.7928571428571428,
    0.7857142857142857,
    0.7785714285714286,
    0.7714285714285715,
    0.7642857142857142
  ],
  "margin_noninf": [
    0.012,
    0.011904761904761906,
    0.01180952380952381,
    0.011714285714285715,
    0.011619047619047619,
    0.011523809523809525,
    0.011428571428571429,
    0.011333333333333334,
    0.011238095238095238,
    0.011142857142857144,
    0.011047619047619047,
    0.010952380952380953,
    0.010857142857142857,
    0.010761904761904762,
    0.010666666666666666,
    0.010571428571428572,
    0.010476190476190476,
    0.010380952380952381,
    0.010285714285714287,
    0.01019047619047619
  ]
}