model,split,accuracy,precision_macro,recall_macro,f1_macro,precision_weighted,recall_weighted,f1_weighted,specificity,qwk,roc_auc
Teacher1_Baseline,val,0.667574931880109,0.47637775377561686,0.49937870059649647,0.46693456755376267,0.6854318089010494,0.667574931880109,0.6577757679317476,0.9141742676441696,0.6923845148979237,0.8987297451258797
Teacher1_Baseline,test,0.6948228882833788,0.5195557895557895,0.5332127766032971,0.5109989557261019,0.7214266320533351,0.6948228882833788,0.6994365274914217,0.9229031341119288,0.7165830058827538,0.9014764770520879
Teacher2_Advanced,val,0.8392370572207084,0.7489733456699128,0.6528499066091389,0.6843741474092128,0.8340006234664469,0.8392370572207084,0.8290166446767836,0.9556505472786855,0.8790221484342103,0.9611849060027271
Teacher2_Advanced,test,0.8119891008174387,0.6506797009191564,0.5846822379227148,0.6044556381432111,0.7984439969857378,0.8119891008174387,0.7987208686584004,0.950513427110813,0.8855792982708588,0.9562533349866938
Teachers_Gated_Ensemble,val,0.8392370572207084,0.7489733456699128,0.6528499066091389,0.6843741474092128,0.8340006234664469,0.8392370572207084,0.8290166446767836,0.9556505472786855,0.8790221484342103,0.9565053366091335
Teachers_Gated_Ensemble,test,0.8119891008174387,0.6506797009191564,0.5846822379227148,0.6044556381432111,0.7984439969857378,0.8119891008174387,0.7987208686584004,0.950513427110813,0.8855792982708588,0.9535619978698723
Teachers_EqualWeight,val,0.8392370572207084,0.7480548128342247,0.6515886453478776,0.6822132262314591,0.8328735847819435,0.8392370572207084,0.8281272672612371,0.9553243421318932,0.8755245026309925,0.9438549441905443
Teachers_EqualWeight,test,0.8147138964577657,0.6610345829700668,0.5866822379227148,0.6083433273750765,0.8002336783474167,0.8147138964577657,0.8001187250504131,0.9506189315433474,0.8748535146869537,0.9409323503483491
