{
    "best_model_epoch": 91,
    "best_model_val_qwk": 0.7313424136986462,
    "test_loss": 0.9971689502869187,
    "test_metrics": {
        "accuracy": 0.7248908296943232,
        "precision": 0.721705746515437,
        "recall": 0.7248908296943232,
        "f1_score": 0.6929421446843458,
        "specificity": 0.9241856455019388,
        "roc_auc": 0.9053323721777151,
        "qwk": 0.7146266075935738
    }
}