{
    "best_epoch": 43,
    "best_val_qwk": 0.7199710564399422,
    "test_loss": 0.8668057964793567,
    "test_accuracy": 0.7052401746724891,
    "test_precision": 0.619830035698468,
    "test_recall": 0.7052401746724891,
    "test_f1_score": 0.6332744643076179,
    "test_specificity": 0.9151488262675145,
    "test_roc_auc": 0.9052177144651089,
    "test_qwk": 0.7120418666049821,
    "confusion_matrix": [
        [
            412,
            0,
            39,
            0,
            0
        ],
        [
            11,
            0,
            79,
            1,
            2
        ],
        [
            17,
            0,
            233,
            0,
            0
        ],
        [
            1,
            0,
            43,
            1,
            3
        ],
        [
            3,
            0,
            71,
            0,
            0
        ]
    ]
}