{
  "train_loss": [
    1.8512439942750774,
    1.761291993120329,
    1.687119485576296,
    1.5868973559369155,
    1.5329744324006669,
    1.4811027851261076,
    1.4552011831862028,
    1.4336263872886617,
    1.4198543211150039,
    1.4250679713129346,
    1.379848434951136,
    1.3405011713179082,
    1.2759429659348367,
    1.2426279854904758,
    1.2229252021169401,
    1.1953680173295442,
    1.1859895844277137,
    1.173325298913841,
    1.1670807244999162,
    1.1551488041877747,
    1.1654464996577611,
    1.1548285536427316,
    1.1519527435302734,
    1.1446702688769566,
    1.1520213468478677,
    1.1586801399950122,
    1.1509913958486964,
    1.148143381694627,
    1.158709213381908,
    1.1544011394834257,
    1.1601734298174498,
    1.13731567911763,
    1.1404598726600896,
    1.1394672572938471,
    1.1371842782354094,
    1.1337394694812963,
    1.123460413002577,
    1.130508547923604,
    1.1232296596459352,
    1.1280553288798514,
    1.1250938808983142,
    1.111885530375392,
    1.1256033279856696,
    1.1273706545595263,
    1.1265872912328752,
    1.1269995153275996,
    1.123240398253248,
    1.1210265840337577,
    1.1359856356688536,
    1.1210622510623411,
    1.1128137805422798,
    1.1161812394043136,
    1.1336067136519594,
    1.1215195927789303,
    1.1224978846279,
    1.118501179205264,
    1.1242814754527775,
    1.12288185416675,
    1.1298655473469386,
    1.1245638389405006,
    1.1198368723926648,
    1.119742734184682,
    1.133230772500481
  ],
  "val_loss": [
    1.5027235720468604,
    1.448852697144384,
    1.4087549707163936,
    1.369901734849681,
    1.3413316426069841,
    1.3248618374700132,
    1.3024319151173467,
    1.3018875484881194,
    1.2968668652617412,
    1.2950939380604287,
    1.2716098609177962,
    1.2389007443967073,
    1.2165071420047595,
    1.20020715309226,
    1.1937215431876804,
    1.187442984270013,
    1.1852856641230376,
    1.1773756716562354,
    1.1729028795076453,
    1.1705016182816548,
    1.173148935255797,
    1.1723356765249502,
    1.1680354527805163,
    1.1709687398827595,
    1.1701935270558232,
    1.1665366447490195,
    1.1650762506153272,
    1.1718054284220156,
    1.1691189408302307,
    1.167082649210225,
    1.1711201227229575,
    1.1629438814909563,
    1.1680131347283074,
    1.1665118310762488,
    1.16805499792099,
    1.1666037336639736,
    1.1665660816690195,
    1.1683242398759592,
    1.1665349265803462,
    1.169108095376388,
    1.1676065092501433,
    1.166935630466627,
    1.1712612198746724,
    1.170035131599592,
    1.1700802756392437,
    1.1746395593104155,
    1.1694432911665544,
    1.1737422217493472,
    1.17064907239831,
    1.1711443662643433,
    1.1720741391181946,
    1.1710838856904402,
    1.1757239880769148,
    1.174183744451274,
    1.173825124035711,
    1.1744245653567107,
    1.1733765006065369,
    1.1766235621079155,
    1.1731939782267031,
    1.1729826953100122,
    1.17326093238333,
    1.1785876025324282,
    1.1750234469123508
  ],
  "val_acc": [
    0.4141689373297003,
    0.4713896457765668,
    0.48501362397820164,
    0.5231607629427792,
    0.5640326975476839,
    0.5858310626702997,
    0.5940054495912807,
    0.5967302452316077,
    0.5967302452316077,
    0.5967302452316077,
    0.6294277929155313,
    0.6376021798365122,
    0.667574931880109,
    0.6811989100817438,
    0.7002724795640327,
    0.7002724795640327,
    0.7029972752043597,
    0.7029972752043597,
    0.7002724795640327,
    0.7029972752043597,
    0.7002724795640327,
    0.6975476839237057,
    0.6975476839237057,
    0.6975476839237057,
    0.7002724795640327,
    0.7002724795640327,
    0.6975476839237057,
    0.7002724795640327,
    0.7029972752043597,
    0.6975476839237057,
    0.7029972752043597,
    0.7029972752043597,
    0.7002724795640327,
    0.7029972752043597,
    0.7057220708446866,
    0.7029972752043597,
    0.6975476839237057,
    0.7057220708446866,
    0.7057220708446866,
    0.7029972752043597,
    0.7111716621253406,
    0.7029972752043597,
    0.7084468664850136,
    0.7029972752043597,
    0.7002724795640327,
    0.7002724795640327,
    0.7057220708446866,
    0.7057220708446866,
    0.7057220708446866,
    0.7057220708446866,
    0.6975476839237057,
    0.7057220708446866,
    0.6975476839237057,
    0.7057220708446866,
    0.7002724795640327,
    0.7057220708446866,
    0.7057220708446866,
    0.7057220708446866,
    0.7029972752043597,
    0.7002724795640327,
    0.7057220708446866,
    0.7084468664850136,
    0.7057220708446866
  ],
  "val_qwk": [
    0.33782131458261067,
    0.39485111141708606,
    0.4048688363774684,
    0.4355170885580959,
    0.4724774418236505,
    0.48900987156020714,
    0.5019208372800821,
    0.5095910287374319,
    0.5020569728579164,
    0.5034815743418521,
    0.5408669213616495,
    0.5566516817694438,
    0.6213892709766162,
    0.6222114104271228,
    0.6426249296296109,
    0.6450019168225936,
    0.6514930542436492,
    0.6545075898508999,
    0.6449082552956218,
    0.6496158723055121,
    0.6606611221972956,
    0.6568083488148821,
    0.6529726473485531,
    0.6568083488148821,
    0.6667890472670263,
    0.6542512335475211,
    0.6506896219255025,
    0.6614844458991029,
    0.6604066444124947,
    0.6597401591386084,
    0.6599942286955334,
    0.6623359014464401,
    0.6683548147730918,
    0.6785201078718923,
    0.6812069710070832,
    0.6771260997067449,
    0.6752459181147217,
    0.6781934272764323,
    0.6779823481267926,
    0.6721600708698632,
    0.6822792157325699,
    0.6761092421010613,
    0.6734980050618936,
    0.6721600708698632,
    0.670766266292099,
    0.680178228546108,
    0.6842671254973653,
    0.6859739235464374,
    0.6809798982565318,
    0.6732530570886088,
    0.6642640820826893,
    0.6729749985962497,
    0.6732530570886088,
    0.6799682901451717,
    0.670766266292099,
    0.6771727683825808,
    0.6782796596643299,
    0.6799682901451717,
    0.6721600708698632,
    0.6831415259060609,
    0.6842671254973653,
    0.6764822408430895,
    0.6799682901451717
  ],
  "gate_mean": [
    0.4842473503018989,
    0.44782845781800523,
    0.4092672387433182,
    0.37139029076190594,
    0.33991130258216234,
    0.314705775898011,
    0.2962456192475199,
    0.28440153061366474,
    0.2781908920879572,
    0.27567332755021057,
    0.2549312498237266,
    0.21540448663990355,
    0.18077891942907554,
    0.1519707189720185,
    0.1284113537744095,
    0.1111195718085831,
    0.09623823901180362,
    0.08553612028640475,
    0.0772107453212712,
    0.07005091198806554,
    0.06495258299623682,
    0.06069423402837717,
    0.05745417746852656,
    0.05466747273757158,
    0.05292552497868981,
    0.051480841481946205,
    0.05057571007987189,
    0.04997376529652564,
    0.04963444865466467,
    0.04952473781717931,
    0.04578753055933395,
    0.038693792466583145,
    0.03414486945082581,
    0.030269099185701278,
    0.027154167920676736,
    0.024611343909563915,
    0.02184894095719512,
    0.02006870431856054,
    0.018606639859047744,
    0.017304173177057278,
    0.016154507042768874,
    0.014971603563085932,
    0.01404449199657134,
    0.01321237228932928,
    0.012553503650337295,
    0.01192083408231618,
    0.011398989864996548,
    0.010950013002777686,
    0.010526857155634731,
    0.010144129202095536,
    0.009795862066819042,
    0.009420065682564602,
    0.00915007382794156,
    0.009019008186223403,
    0.008830324253016482,
    0.008621735849463548,
    0.008474815870976187,
    0.008337153508607807,
    0.00826941668488533,
    0.008144451401964889,
    0.008108813346165126,
    0.008052109430233637,
    0.00801176351337322
  ]
}