{
  "Baseline_HybridCNNViT_Gate": {
    "model_name": "Baseline_HybridCNNViT_Gate",
    "accuracy": 0.7138964577656676,
    "precision_macro": 0.517692291889876,
    "recall_macro": 0.5123004959015428,
    "f1_macro": 0.5070654634406465,
    "precision_weighted": 0.7163256079938223,
    "recall_weighted": 0.7138964577656676,
    "f1_weighted": 0.7115750865041713,
    "specificity": 0.9261409358906253,
    "qwk": 0.6918288930112144,
    "roc_auc": 0.9099628570737966,
    "confusion_matrix": [
      [
        170,
        4,
        3,
        4,
        0
      ],
      [
        6,
        18,
        5,
        5,
        3
      ],
      [
        6,
        20,
        62,
        6,
        6
      ],
      [
        0,
        3,
        9,
        6,
        1
      ],
      [
        1,
        7,
        16,
        0,
        6
      ]
    ],
    "classification_report": {
      "No DR": {
        "precision": 0.9289617486338798,
        "recall": 0.9392265193370166,
        "f1-score": 0.9340659340659341,
        "support": 181.0
      },
      "Mild": {
        "precision": 0.34615384615384615,
        "recall": 0.4864864864864865,
        "f1-score": 0.4044943820224719,
        "support": 37.0
      },
      "Moderate": {
        "precision": 0.6526315789473685,
        "recall": 0.62,
        "f1-score": 0.6358974358974359,
        "support": 100.0
      },
      "Severe": {
        "precision": 0.2857142857142857,
        "recall": 0.3157894736842105,
        "f1-score": 0.3,
        "support": 19.0
      },
      "Proliferative": {
        "precision": 0.375,
        "recall": 0.2,
        "f1-score": 0.2608695652173913,
        "support": 30.0
      },
      "accuracy": 0.7138964577656676,
      "macro avg": {
        "precision": 0.517692291889876,
        "recall": 0.5123004959015428,
        "f1-score": 0.5070654634406465,
        "support": 367.0
      },
      "weighted avg": {
        "precision": 0.7163256079938223,
        "recall": 0.7138964577656676,
        "f1-score": 0.7115750865041713,
        "support": 367.0
      }
    }
  },
  "Anchored_FiLM": {
    "model_name": "Anchored_FiLM",
    "accuracy": 0.8228882833787466,
    "precision_macro": 0.6888131240093941,
    "recall_macro": 0.6382515187475932,
    "f1_macro": 0.6537849627686289,
    "precision_weighted": 0.8170112588340238,
    "recall_weighted": 0.8228882833787466,
    "f1_weighted": 0.8169868550573437,
    "specificity": 0.9543366002712798,
    "qwk": 0.8778281581817138,
    "roc_auc": 0.952446073925439,
    "confusion_matrix": [
      [
        177,
        4,
        0,
        0,
        0
      ],
      [
        6,
        21,
        8,
        0,
        2
      ],
      [
        0,
        11,
        83,
        2,
        4
      ],
      [
        0,
        1,
        7,
        6,
        5
      ],
      [
        0,
        2,
        11,
        2,
        15
      ]
    ],
    "classification_report": {
      "No DR": {
        "precision": 0.9672131147540983,
        "recall": 0.9779005524861878,
        "f1-score": 0.9725274725274725,
        "support": 181.0
      },
      "Mild": {
        "precision": 0.5384615384615384,
        "recall": 0.5675675675675675,
        "f1-score": 0.5526315789473685,
        "support": 37.0
      },
      "Moderate": {
        "precision": 0.7614678899082569,
        "recall": 0.83,
        "f1-score": 0.7942583732057417,
        "support": 100.0
      },
      "Severe": {
        "precision": 0.6,
        "recall": 0.3157894736842105,
        "f1-score": 0.41379310344827586,
        "support": 19.0
      },
      "Proliferative": {
        "precision": 0.5769230769230769,
        "recall": 0.5,
        "f1-score": 0.5357142857142857,
        "support": 30.0
      },
      "accuracy": 0.8228882833787466,
      "macro avg": {
        "precision": 0.6888131240093941,
        "recall": 0.6382515187475932,
        "f1-score": 0.6537849627686289,
        "support": 367.0
      },
      "weighted avg": {
        "precision": 0.8170112588340238,
        "recall": 0.8228882833787466,
        "f1-score": 0.8169868550573437,
        "support": 367.0
      }
    }
  },
  "Anchored_SpectralNorm": {
    "model_name": "Anchored_SpectralNorm",
    "accuracy": 0.8147138964577657,
    "precision_macro": 0.6732750088370449,
    "recall_macro": 0.5747249121759154,
    "f1_macro": 0.5792608329484059,
    "precision_weighted": 0.803145867585912,
    "recall_weighted": 0.8147138964577657,
    "f1_weighted": 0.7944284308509761,
    "specificity": 0.9509313999425789,
    "qwk": 0.8606042668639783,
    "roc_auc": 0.9481800379517231,
    "confusion_matrix": [
      [
        178,
        3,
        0,
        0,
        0
      ],
      [
        6,
        21,
        8,
        1,
        1
      ],
      [
        0,
        12,
        87,
        0,
        1
      ],
      [
        0,
        1,
        13,
        1,
        4
      ],
      [
        0,
        3,
        15,
        0,
        12
      ]
    ],
    "classification_report": {
      "No DR": {
        "precision": 0.967391304347826,
        "recall": 0.9834254143646409,
        "f1-score": 0.9753424657534246,
        "support": 181.0
      },
      "Mild": {
        "precision": 0.525,
        "recall": 0.5675675675675675,
        "f1-score": 0.5454545454545454,
        "support": 37.0
      },
      "Moderate": {
        "precision": 0.7073170731707317,
        "recall": 0.87,
        "f1-score": 0.7802690582959642,
        "support": 100.0
      },
      "Severe": {
        "precision": 0.5,
        "recall": 0.05263157894736842,
        "f1-score": 0.09523809523809523,
        "support": 19.0
      },
      "Proliferative": {
        "precision": 0.6666666666666666,
        "recall": 0.4,
        "f1-score": 0.5,
        "support": 30.0
      },
      "accuracy": 0.8147138964577657,
      "macro avg": {
        "precision": 0.6732750088370449,
        "recall": 0.5747249121759154,
        "f1-score": 0.5792608329484059,
        "support": 367.0
      },
      "weighted avg": {
        "precision": 0.803145867585912,
        "recall": 0.8147138964577657,
        "f1-score": 0.7944284308509761,
        "support": 367.0
      }
    }
  },
  "Anchored_Deformable": {
    "model_name": "Anchored_Deformable",
    "accuracy": 0.7138964577656676,
    "precision_macro": 0.5279002311665372,
    "recall_macro": 0.5103067673663777,
    "f1_macro": 0.4981136464184366,
    "precision_weighted": 0.7135435202113913,
    "recall_weighted": 0.7138964577656676,
    "f1_weighted": 0.7046975805783647,
    "specificity": 0.9252375847394807,
    "qwk": 0.6873160454813025,
    "roc_auc": 0.9099975667829454,
    "confusion_matrix": [
      [
        168,
        6,
        3,
        4,
        0
      ],
      [
        6,
        21,
        7,
        2,
        1
      ],
      [
        6,
        21,
        64,
        5,
        4
      ],
      [
        0,
        4,
        9,
        6,
        0
      ],
      [
        1,
        7,
        19,
        0,
        3
      ]
    ],
    "classification_report": {
      "No DR": {
        "precision": 0.9281767955801105,
        "recall": 0.9281767955801105,
        "f1-score": 0.9281767955801105,
        "support": 181.0
      },
      "Mild": {
        "precision": 0.3559322033898305,
        "recall": 0.5675675675675675,
        "f1-score": 0.4375,
        "support": 37.0
      },
      "Moderate": {
        "precision": 0.6274509803921569,
        "recall": 0.64,
        "f1-score": 0.6336633663366337,
        "support": 100.0
      },
      "Severe": {
        "precision": 0.35294117647058826,
        "recall": 0.3157894736842105,
        "f1-score": 0.3333333333333333,
        "support": 19.0
      },
      "Proliferative": {
        "precision": 0.375,
        "recall": 0.1,
        "f1-score": 0.15789473684210525,
        "support": 30.0
      },
      "accuracy": 0.7138964577656676,