{
  "accuracy": 0.5040871934604905,
  "f1_macro": 0.45934018654660763,
  "qwk": 0.7095343518967674,
  "classification_report": {
    "No DR": {
      "precision": 0.9027027027027027,
      "recall": 0.9226519337016574,
      "f1-score": 0.912568306010929,
      "support": 181.0
    },
    "Mild": {
      "precision": 0.0,
      "recall": 0.0,
      "f1-score": 0.0,
      "support": 37.0
    },
    "Moderate": {
      "precision": 0.0,
      "recall": 0.0,
      "f1-score": 0.0,
      "support": 100.0
    },
    "Severe": {
      "precision": 0.0989010989010989,
      "recall": 0.9473684210526315,
      "f1-score": 0.1791044776119403,
      "support": 19.0
    },
    "Proliferative": {
      "precision": 0.0,
      "recall": 0.0,
      "f1-score": 0.0,
      "support": 30.0
    },
    "accuracy": 0.5040871934604905,
    "macro avg": {
      "precision": 0.20032076032076032,
      "recall": 0.37400407095085775,
      "f1-score": 0.21833455672457386,
      "support": 367.0
    },
    "weighted avg": {
      "precision": 0.45032237075833803,
      "recall": 0.5040871934604905,
      "f1-score": 0.45934018654660763,
      "support": 367.0
    }
  }
}