{"train_loss": [7.904228284059326, 1.3377163104020833, 1.0956319138163426, 1.088853381838792, 0.961400479241147, 0.8724922093211628, 0.8110163873010646, 0.7533393284010756, 0.7242332342706743, 0.6987172121721539, 1.1875438498017565, 1.1169183138615446, 1.0168888582720783, 1.041879406717957, 1.004704429640796, 1.0434509836585144, 0.9829158391294583, 0.9041736952838351, 0.8552402495686474, 0.833311458591555, 0.8087418262180084, 0.7927357305268772, 0.7525515536792943, 0.7395452056589022, 0.716750921935983, 0.6950809839970428, 0.6881809196348398, 0.6618256248085876, 0.6462534004873265, 0.6372492985972942], "val_loss": [1.147678659787295, 1.2044762697791533, 1.0981360542351932, 1.0593901633891487, 1.062964448649487, 0.8999257881894748, 0.7761073151466307, 0.7918091718442434, 0.7763193487633802, 0.7556600022543354, 1.1767775197120063, 0.9666413326191967, 1.0060389184009801, 1.1415198778261606, 1.3400837751435324, 1.0540453265408405, 0.9796948944515363, 0.8278919070228244, 0.7889968000900518, 0.7924329899962007, 1.0082134278008983, 0.8102077745936547, 0.808622945719259, 0.7945803075785208, 0.771764990744214, 0.7669729843776297, 0.785184902131395, 0.7502698195078068, 0.7566623665006674, 0.7544842203241603], "val_acc": [0.7111716621253406, 0.555858310626703, 0.7057220708446866, 0.6267029972752044, 0.5803814713896458, 0.6893732970027248, 0.7166212534059946, 0.7356948228882834, 0.7275204359673024, 0.7193460490463215, 0.5286103542234333, 0.7329700272479565, 0.7002724795640327, 0.6512261580381471, 0.5286103542234333, 0.6648501362397821, 0.5395095367847411, 0.7329700272479565, 0.7220708446866485, 0.7302452316076294, 0.6948228882833788, 0.7302452316076294, 0.7166212534059946, 0.7247956403269755, 0.7084468664850136, 0.7275204359673024, 0.7111716621253406, 0.7193460490463215, 0.7220708446866485, 0.7193460490463215], "val_f1": [0.635226146399677, 0.4349846687201334, 0.6299576142900394, 0.5801745355908319, 0.5124432486211986, 0.6463285645389573, 0.6636452293614026, 0.68483991268583, 0.6691243549591868, 0.675287674226438, 0.47083381358214166, 0.6940707134802167, 0.6257460906190078, 0.5894547056873013, 0.48220492047015745, 0.5752209142606586, 0.5244218174897239, 0.6538075433816148, 0.6781020539925369, 0.6885805810859219, 0.654806739891834, 0.6710022062195572, 0.636917457712157, 0.666982443573951, 0.6768741293145598, 0.672516886685824, 0.6741793705596324, 0.6792630132454239, 0.6818173057406764, 0.6832875159502081], "val_qwk": [0.6753471558611049, 0.21037281512231876, 0.701521079702818, 0.5238991973619236, 0.39976123679341025, 0.5553418886548432, 0.6923824508152212, 0.6700851062638098, 0.6845222794375758, 0.6516463092321771, 0.6831723258043692, 0.6792445260808142, 0.6931370607520848, 0.6186085591412114, 0.7356124784563336, 0.4945741089734297, 0.5688104964580845, 0.726534239782799, 0.6715693608900507, 0.6620123555657247, 0.5809487560984049, 0.6674008326650775, 0.7110804959653612, 0.7023832917712638, 0.6222331146831976, 0.669355621162349, 0.6145564748067617, 0.6781600444395568, 0.6701710952469775, 0.6896397228896095]}