{
  "train_loss": [
    0.16778049064301404,
    0.16961313667070996,
    0.1619024267165713,
    0.17583261352907764,
    0.17028338814286587,
    0.15786133987493203,
    0.1603876607177036,
    0.16373523373584278,
    0.15506672932476293,
    0.16324967339309188,
    0.17532425355471548,
    0.16250977007662012,
    0.17500337561378715,
    0.16219970623611427,
    0.15881967469235586,
    0.16540895430930977,
    0.15652517512277828,
    0.17318064006951336,
    0.16377116576895687,
    0.1625762888398327
  ],
  "val_loss": [
    1.2285804068264754,
    1.1930278993171195,
    1.200951970141867,
    1.1744311244591423,
    1.1860836135304493,
    1.1750101233306138,
    1.1906765485587327,
    1.1868002842301908,
    1.1679043523643329,
    1.177033417250799,
    1.15472075537495,
    1.1859801981760107,
    1.1397458897984547,
    1.162127061382584,
    1.1837302446365356,
    1.1801246987736744,
    1.1741161242775295,
    1.1869212363077246,
    1.1939658224582672,
    1.1906792566828106
  ],
  "val_acc": [
    0.8201634877384196,
    0.8228882833787466,
    0.8256130790190735,
    0.8310626702997275,
    0.8201634877384196,
    0.8337874659400545,
    0.8228882833787466,
    0.8283378746594006,
    0.8256130790190735,
    0.8365122615803815,
    0.8147138964577657,
    0.8310626702997275,
    0.8256130790190735,
    0.8147138964577657,
    0.8283378746594006,
    0.8256130790190735,
    0.8283378746594006,
    0.8228882833787466,
    0.8147138964577657,
    0.8256130790190735
  ],
  "val_qwk": [
    0.8789772160247148,
    0.8820656724524203,
    0.8795369847291598,
    0.8823094498955555,
    0.8729136366784404,
    0.8887346812280619,
    0.8840364931019137,
    0.8937203815407548,
    0.8778852464994166,
    0.89756861321322,
    0.8742985113950731,
    0.8811485732791191,
    0.8790060611090746,
    0.8715291433115375,
    0.8785957228719191,
    0.8846429073010226,
    0.8821158257140143,
    0.8863698631662653,
    0.8779182291036651,
    0.8724400662221369
  ],
  "gate_mean": [
    0.1252436527137548,
    0.12685638835114207,
    0.07943325006285977,
    0.0818695671795333,
    0.07648013718426228,
    0.07603038665253282,
    0.08103774236566057,
    0.07857307467019298,
    0.08131789393682297,
    0.08371182656312576,
    0.07969903834978413,
    0.07300157334065177,
    0.07353521646331243,
    0.0744765564962163,
    0.07234338517275339,
    0.07335538202336903,
    0.07210890947754592,
    0.07240841138721164,
    0.0753420367124465,
    0.07516297062889474
  ],
  "loss_noninf": [
    0.012815451590456273,
    0.012672203715096732,
    0.012985782468783074,
    0.011612077925578166,
    0.01142332894737766,
    0.011778007391229516,
    0.012092139381060346,
    0.011792692712055203,
    0.010677965647983746,
    0.011022350015474962,
    0.012419576041624357,
    0.012291907045298098,
    0.012070321539019952,
    0.0107737933641778,
    0.010240427182753229,
    0.010215377328215076,
    0.010009286945553425,
    0.011851673098433702,
    0.01015661985618495,
    0.010060409027981302
  ],
  "loss_distill": [
    0.0029438447002779907,
    0.003100875984179015,
    0.002091420302930914,
    0.0011205515169760098,
    0.0022534173499604198,
    0.003058077006139907,
    0.0030348767375203275,
    0.0024202925836460036,
    0.0026400905998110076,
    0.0028466147793198633,
    0.0030599707730646917,
    0.0035404590892594667,
    0.002433582474762266,
    0.0016331537338229764,
    0.0016134147926458269,
    0.001598106813895366,
    0.0014645898525765015,
    0.0031864586427949033,
    0.002100716912835077,
    0.0013560293849619344
  ],
  "loss_ordinal": [
    0.006030279909078632,
    0.005659969258592897,
    0.005934641874634503,
    0.00607613658279949,
    0.005522729278048449,
    0.005627294206995609,
    0.00586329054187912,
    0.005285565292079745,
    0.005057915285785678,
    0.005815743174164714,
    0.0059325929784885215,
    0.005548401239049453,
    0.0055820551354824844,
    0.005791475928625184,
    0.005901538761513297,
    0.005746475375089489,
    0.005171971139243595,
    0.006141834614653384,
    0.006314736066858126,
    0.005601914957371831
  ],
  "lambda_noninf": [
    0.8,
    0.7920289855072464,
    0.7840579710144928,
    0.7760869565217392,
    0.7681159420289856,
    0.760144927536232,
    0.7521739130434784,
    0.7442028985507246,
    0.736231884057971,
    0.7282608695652174,
    0.7202898550724638,
    0.7123188405797102,
    0.7043478260869566,
    0.696376811594203,
    0.6884057971014493,
    0.6804347826086957,
    0.672463768115942,
    0.6644927536231884,
    0.6565217391304348,
    0.6485507246376812
  ],
  "margin_noninf": [
    0.01,
    0.009898550724637682,
    0.009797101449275362,
    0.009695652173913044,
    0.009594202898550725,
    0.009492753623188407,
    0.009391304347826087,
    0.009289855072463769,
    0.00918840579710145,
    0.009086956521739131,
    0.008985507246376812,
    0.008884057971014494,
    0.008782608695652174,
    0.008681159420289856,
    0.008579710144927536,
    0.008478260869565218,
    0.008376811594202898,
    0.00827536231884058,
    0.00817391304347826,
    0.008072463768115943
  ]
}