{
    "best_epoch": 18,
    "best_val_qwk": 0.710940503801456,
    "test_loss": 0.8172410770223059,
    "test_accuracy": 0.6986899563318777,
    "test_precision": 0.6194094060800284,
    "test_recall": 0.6986899563318777,
    "test_f1_score": 0.6328992061169075,
    "test_specificity": 0.9128436567188662,
    "test_roc_auc": 0.898227025849432,
    "test_qwk": 0.6894087626005532,
    "confusion_matrix": [
        [
            401,
            1,
            49,
            0,
            0
        ],
        [
            13,
            0,
            77,
            2,
            1
        ],
        [
            16,
            0,
            233,
            1,
            0
        ],
        [
            3,
            0,
            39,
            6,
            0
        ],
        [
            4,
            0,
            69,
            1,
            0
        ]
    ]
}