{
  "train_loss": [
    0.16617031936925616,
    0.16086963818617206,
    0.16841175466205904,
    0.17332998534939328,
    0.16233630867196563,
    0.16426431328628233,
    0.17078576116858285,
    0.16342751455844426,
    0.155074829184781,
    0.17109992884384478,
    0.1639306829132832,
    0.1638907561170273,
    0.16791793296897345,
    0.16496129647467306,
    0.15079895850739192,
    0.17086713541238036,
    0.15338680986823933,
    0.15690669113047462,
    0.16057553304145572,
    0.15608398111465852
  ],
  "val_loss": [
    1.184653736974882,
    1.2138060039800147,
    1.198454908054808,
    1.1815973254649534,
    1.2170542912638707,
    1.229886330988096,
    1.203069555370704,
    1.1648789547059848,
    1.1747929874969565,
    1.1714454202548317,
    1.180511937841125,
    1.163291558623314,
    1.145475371376328,
    1.1936048476592354,
    1.1633110648911933,
    1.1816758966964225,
    1.1859128760254902,
    1.1928332370260488,
    1.1824108958244324,
    1.1664327596840651
  ],
  "val_acc": [
    0.8256130790190735,
    0.8228882833787466,
    0.8256130790190735,
    0.8337874659400545,
    0.8256130790190735,
    0.8283378746594006,
    0.8283378746594006,
    0.8365122615803815,
    0.8201634877384196,
    0.8310626702997275,
    0.8256130790190735,
    0.8310626702997275,
    0.8256130790190735,
    0.8228882833787466,
    0.8283378746594006,
    0.8283378746594006,
    0.8365122615803815,
    0.8337874659400545,
    0.8310626702997275,
    0.8310626702997275
  ],
  "val_qwk": [
    0.8778145753386252,
    0.883907012732838,
    0.8803712796245261,
    0.8868908035965535,
    0.8780832156797608,
    0.8822900059230749,
    0.8766340797340498,
    0.8918074105746402,
    0.8744243623580384,
    0.8824831890120521,
    0.8788904958174333,
    0.8767898625340511,
    0.8786932958873782,
    0.8886624919063079,
    0.878442677436229,
    0.8822351313969571,
    0.8859058000997511,
    0.8803712796245262,
    0.8818289148867662,
    0.8809464101248582
  ],
  "gate_mean": [
    0.14240473848793025,
    0.15512176635649685,
    0.15568801749477296,
    0.12389855586053407,
    0.12215148294191869,
    0.10999565841273858,
    0.10032580089577235,
    0.0767013667548289,
    0.07313603412136029,
    0.07336727538924726,
    0.07118440880516513,
    0.07485502995957768,
    0.07441939596758514,
    0.07308752895867238,
    0.07576987010940828,
    0.07767802716075072,
    0.07825089592099842,
    0.07518140823056138,
    0.07811804974828261,
    0.07896696822972246
  ],
  "loss_noninf": [
    0.013250205523329355,
    0.012239722242385474,
    0.012437582914234023,
    0.01267951569911805,
    0.012039939763502833,
    0.011511068170269331,
    0.011830258218805647,
    0.012962755312013333,
    0.012446970577082021,
    0.013000644745987132,
    0.013348453619664972,
    0.013121558409286001,
    0.013662254442893417,
    0.012654912497726132,
    0.013709105530886051,
    0.01610298375878992,
    0.012884648007854738,
    0.012305518566462838,
    0.013640277164026361,
    0.012897690890428148
  ],
  "loss_distill": [
    0.0,
    0.0,
    0.0,
    0.0,
    0.0,
    0.0,
    0.0,
    0.0,
    0.0,
    0.0,
    0.0,
    0.0,
    0.0,
    0.0,
    0.0,
    0.0,
    0.0,
    0.0,
    0.0,
    0.0
  ],
  "loss_ordinal": [
    0.0,
    0.0,
    0.0,
    0.0,
    0.0,
    0.0,
    0.0,
    0.0,
    0.0,
    0.0,
    0.0,
    0.0,
    0.0,
    0.0,
    0.0,
    0.0,
    0.0,
    0.0,
    0.0,
    0.0
  ],
  "lambda_noninf": [
    0.95,
    0.9420253164556962,
    0.9340506329113923,
    0.9260759493670886,
    0.9181012658227847,
    0.910126582278481,
    0.9021518987341772,
    0.8941772151898734,
    0.8862025316455696,
    0.8782278481012658,
    0.870253164556962,
    0.8622784810126582,
    0.8543037974683544,
    0.8463291139240506,
    0.8383544303797468,
    0.830379746835443,
    0.8224050632911393,
    0.8144303797468354,
    0.8064556962025317,
    0.7984810126582278
  ],
  "margin_noninf": [
    0.012,
    0.01189873417721519,
    0.01179746835443038,
    0.01169620253164557,
    0.01159493670886076,
    0.01149367088607595,
    0.01139240506329114,
    0.011291139240506329,
    0.01118987341772152,
    0.01108860759493671,
    0.0109873417721519,
    0.010886075949367089,
    0.010784810126582278,
    0.01068354430379747,
    0.010582278481012659,
    0.010481012658227849,
    0.010379746835443038,
    0.010278481012658228,
    0.010177215189873419,
    0.010075949367088608
  ]
}