{
  "accuracy": 0.7384196185286104,
  "f1_macro": 0.6965610622236119,
  "qwk": 0.6985036279028736,
  "classification_report": {
    "No DR": {
      "precision": 0.918918918918919,
      "recall": 0.9392265193370166,
      "f1-score": 0.9289617486338798,
      "support": 181.0
    },
    "Mild": {
      "precision": 0.37037037037037035,
      "recall": 0.2702702702702703,
      "f1-score": 0.3125,
      "support": 37.0
    },
    "Moderate": {
      "precision": 0.58,
      "recall": 0.87,
      "f1-score": 0.696,
      "support": 100.0
    },
    "Severe": {
      "precision": 0.8,
      "recall": 0.21052631578947367,
      "f1-score": 0.3333333333333333,
      "support": 19.0
    },
    "Proliferative": {
      "precision": 0.0,
      "recall": 0.0,
      "f1-score": 0.0,
      "support": 30.0
    },
    "accuracy": 0.7384196185286104,
    "macro avg": {
      "precision": 0.5338578578578579,
      "recall": 0.4580046210793521,
      "f1-score": 0.45415901639344264,
      "support": 367.0
    },
    "weighted avg": {
      "precision": 0.6899946267793678,
      "recall": 0.7384196185286104,
      "f1-score": 0.6965610622236119,
      "support": 367.0
    }
  }
}