{"train_loss": [5.048181273083869, 0.8694245367427993, 0.8106756997727306, 0.7784013720483728, 0.8014622861570347, 0.7546752628570046, 0.7486573938137847, 0.7370172839998548, 0.7253196001704273, 0.7362801010817126, 0.7775532942814906, 0.7730462067439908, 0.8182360433815606, 0.7935501175825713, 0.7774637063018611, 0.7722744280930425, 0.7423732570611714, 0.7505870761115694, 0.7433816161149186, 0.7271722284008245, 0.7276705796601343, 0.7238812862686772, 0.7130021340534335, 0.7105418056901035], "val_loss": [1.0326267117050754, 0.8526834313648598, 0.839325722946458, 0.8179780937507951, 0.8391099392718125, 0.7855349746646934, 0.7718696710361772, 0.7742994126409536, 0.8070794170981207, 0.8088026379694406, 0.8461234119672542, 0.8325802689514628, 0.9207074939392568, 0.7755699259221391, 0.8089893656790419, 0.7853332556560838, 0.7922020005595132, 0.7840526732501931, 0.7602992501992946, 0.7782108691147952, 0.7766489106400462, 0.7784428748350377, 0.7618555493997943, 0.7751355535815132], "val_acc": [0.6730245231607629, 0.6975476839237057, 0.7166212534059946, 0.7111716621253406, 0.7138964577656676, 0.7166212534059946, 0.7384196185286104, 0.7411444141689373, 0.7384196185286104, 0.7275204359673024, 0.7302452316076294, 0.7029972752043597, 0.6866485013623979, 0.7138964577656676, 0.7193460490463215, 0.7275204359673024, 0.7302452316076294, 0.7247956403269755, 0.7220708446866485, 0.7166212534059946, 0.7438692098092643, 0.7465940054495913, 0.7166212534059946, 0.7220708446866485], "val_f1": [0.5880317901563774, 0.6240355974647861, 0.6522689389029014, 0.6307316343431105, 0.647505884450355, 0.6394310727101049, 0.6950540353112228, 0.6941749361575009, 0.6940132620712511, 0.6794571978306738, 0.6678534785152211, 0.6212910903905138, 0.5999691844492564, 0.6328969969402168, 0.6381130689367974, 0.666211249212278, 0.6786362002997867, 0.6485975795189753, 0.6817353653460817, 0.6773097326136066, 0.6940542995829194, 0.6955689750086013, 0.6802478299839848, 0.681399485316379], "val_qwk": [0.526497435732026, 0.6886163542802993, 0.6687789235170997, 0.6945830684394774, 0.6799808162887149, 0.7011481773024619, 0.7029626174002485, 0.7091803992254335, 0.7116706603291825, 0.6877828809092223, 0.7005464390798724, 0.652496163515852, 0.5617886878509499, 0.6672404600090399, 0.6775508871764043, 0.6793709730261002, 0.6919848929920269, 0.7065549070694653, 0.6611149467415609, 0.6549140063141818, 0.7054615536283078, 0.7073430058699746, 0.6736699308033425, 0.6582518538707003]}