{
    "best_epoch": 28,
    "best_val_qwk": 0.7015858303179385,
    "test_loss": 0.8285801292493425,
    "test_accuracy": 0.6997816593886463,
    "test_precision": 0.6688105612223301,
    "test_recall": 0.6997816593886463,
    "test_f1_score": 0.6467393096218422,
    "test_specificity": 0.9150476012717552,
    "test_roc_auc": 0.9024012741734858,
    "test_qwk": 0.6950884800167978,
    "confusion_matrix": [
        [
            398,
            0,
            52,
            0,
            1
        ],
        [
            12,
            1,
            72,
            3,
            5
        ],
        [
            13,
            2,
            231,
            1,
            3
        ],
        [
            1,
            1,
            36,
            6,
            4
        ],
        [
            3,
            1,
            64,
            1,
            5
        ]
    ]
}