{
    "best_epoch": 80,
    "best_val_qwk": 0.6765586477926107,
    "test_loss": 0.9946921195449501,
    "test_accuracy": 0.5807860262008734,
    "test_precision": 0.708246906359215,
    "test_recall": 0.5807860262008734,
    "test_f1_score": 0.6087596716825143,
    "test_specificity": 0.9025552076944452,
    "test_roc_auc": 0.8974202169412253,
    "test_qwk": 0.6655514387033932,
    "confusion_matrix": [
        [
            392,
            11,
            12,
            30,
            6
        ],
        [
            11,
            26,
            5,
            40,
            11
        ],
        [
            14,
            13,
            63,
            128,
            32
        ],
        [
            2,
            3,
            9,
            31,
            3
        ],
        [
            2,
            7,
            8,
            37,
            20
        ]
    ]
}