{
    "best_epoch": 80,
    "best_val_qwk": 0.8534545779666455,
    "test_loss": 1.139635515921139,
    "test_accuracy": 0.759825327510917,
    "test_precision": 0.7499289647741317,
    "test_recall": 0.759825327510917,
    "test_f1_score": 0.7527441527531421,
    "test_specificity": 0.9366813767904582,
    "test_roc_auc": 0.9319123993907867,
    "test_qwk": 0.8170620535454378,
    "confusion_matrix": [
        [
            427,
            14,
            10,
            0,
            0
        ],
        [
            11,
            41,
            34,
            3,
            4
        ],
        [
            11,
            18,
            189,
            14,
            18
        ],
        [
            0,
            2,
            26,
            10,
            10
        ],
        [
            2,
            4,
            32,
            7,
            29
        ]
    ]
}