{
    "best_epoch": 67,
    "best_val_qwk": 0.8126968525923113,
    "test_loss": 0.8418876849885645,
    "test_accuracy": 0.74235807860262,
    "test_precision": 0.7340928066909614,
    "test_recall": 0.74235807860262,
    "test_f1_score": 0.7323226274225141,
    "test_specificity": 0.9324637618884974,
    "test_roc_auc": 0.9232374839910192,
    "test_qwk": 0.7744769051689413,
    "confusion_matrix": [
        [
            436,
            11,
            4,
            0,
            0
        ],
        [
            14,
            48,
            23,
            6,
            2
        ],
        [
            14,
            33,
            169,
            24,
            10
        ],
        [
            1,
            4,
            25,
            15,
            3
        ],
        [
            2,
            14,
            35,
            11,
            12
        ]
    ]
}