{
  "train_loss": [
    1.5956993782129445,
    1.2883213991350164,
    1.069755230526455,
    0.9803901511789019,
    0.9237586469923864,
    0.8539359960399691,
    0.7817215014025162,
    0.7412388677316937,
    0.7203237510444037,
    0.7057315738963299,
    0.8227027036616059,
    0.8468535967537614,
    0.8112569658971224,
    0.8001138186845623,
    0.7801251880458144,
    0.7347651930128942,
    0.7117707613713103,
    0.6818443246063639,
    0.6712503037491783,
    0.6398242422140361,
    0.6314228554078138,
    0.6263935578976824,
    0.6161951000084642,
    0.6168595615957604,
    0.5996617891423689,
    0.6056877048126336,
    0.6040973154410638,
    0.6087112793179809,
    0.5956842539414682,
    0.6128122624966617,
    0.6896750374081356
  ],
  "val_loss": [
    1.2964254138262377,
    1.0635946846526603,
    1.0550955572853917,
    1.0345326895299165,
    1.0096822588340095,
    1.070242395867472,
    1.0597265997658605,
    1.0947297759678052,
    1.0813779986422996,
    1.088546756816947,
    1.1377896511036416,
    1.1322309115658635,
    1.1410924610884294,
    1.1192388495673304,
    1.0448933347411777,
    1.0747865477333898,
    1.1021158423112787,
    1.1396031366742176,
    1.1435176445090252,
    1.1204403846160225,
    1.15521337804587,
    1.14157609447189,
    1.1128629096176312,
    1.1540862542131674,
    1.1430904515411542,
    1.1395091855007669,
    1.1376487457233926,
    1.1329232000786325,
    1.1387287067330403,
    1.1478732357854429,
    1.1927544325590134
  ],
  "val_acc": [
    0.7438692098092643,
    0.7029972752043597,
    0.7057220708446866,
    0.6866485013623979,
    0.8010899182561307,
    0.7983651226158038,
    0.8092643051771117,
    0.8147138964577657,
    0.8147138964577657,
    0.8228882833787466,
    0.8065395095367848,
    0.8010899182561307,
    0.779291553133515,
    0.8065395095367848,
    0.8065395095367848,
    0.8174386920980926,
    0.8147138964577657,
    0.8119891008174387,
    0.8092643051771117,
    0.8174386920980926,
    0.8065395095367848,
    0.8065395095367848,
    0.7983651226158038,
    0.8010899182561307,
    0.8092643051771117,
    0.8119891008174387,
    0.8119891008174387,
    0.8119891008174387,
    0.8119891008174387,
    0.8147138964577657,
    0.771117166212534
  ],
  "val_qwk": [
    0.7159927621171945,
    0.782967270077006,
    0.7983054728646668,
    0.7866990615025488,
    0.8294161283052884,
    0.8332695084213205,
    0.8344649131136644,
    0.8358611673580121,
    0.832034977700742,
    0.8382806553699476,
    0.829355095721499,
    0.8200550213636506,
    0.8048628503925263,
    0.8335436627397343,
    0.8442610540681743,
    0.8442810094356777,
    0.82895479186597,
    0.831812843237179,
    0.8269457227510559,
    0.8401089419536047,
    0.8320342479739197,
    0.8153031095597332,
    0.8320913426666756,
    0.8252001045404251,
    0.8204630149206487,
    0.8247487000069589,
    0.8224065441582348,
    0.8247487000069589,
    0.8245187860264737,
    0.8291835694828228,
    0.7735852202621136
  ],
  "gate_mean": [
    0.474512684214962,
    0.4693139171014067,
    0.4657871915343029,
    0.46277954083322825,
    0.46188106579207333,
    0.46273953748531027,
    0.4648131540889948,
    0.46811425897593056,
    0.4703553257092752,
    0.47134648792730655,
    0.4761441340211962,
    0.4771008582714477,
    0.4794933250367316,
    0.48293923615106465,
    0.4873270040652791,
    0.49502013892423913,
    0.5063749913309441,
    0.5194324500899498,
    0.5324909149623308,
    0.5461818751741628,
    0.5556955168156025,
    0.5647386077974663,
    0.5711735379500468,
    0.5764281919093731,
    0.5802670329646334,
    0.5835647612321572,
    0.585611135256095,
    0.5869310211614182,
    0.5874206208791889,
    0.587765984522189,
    0.5941247493842912
  ]
}