{
  "train_loss": [
    0.17480736749012613,
    0.1719311069941423,
    0.1554207400993897,
    0.1681598566492887,
    0.16281235228226484,
    0.15854157729308463,
    0.16676012444935862,
    0.16460638865828514,
    0.16624550496945617,
    0.16669622061601103,
    0.16858532460905162,
    0.1682486366378805,
    0.17328618232751153,
    0.16499142933005845,
    0.172521315453971,
    0.16587813070318738,
    0.16144887636838062,
    0.16719429441244224,
    0.16010696485720047,
    0.1668534769264401,
    0.15645594005294836,
    0.1509565919373042,
    0.16082194002721806,
    0.1549469595113413
  ],
  "val_loss": [
    1.1951907160489454,
    1.207023173570633,
    1.1727931661450344,
    1.1883889942065529,
    1.1802179547755614,
    1.1752803072981213,
    1.1616691597129987,
    1.1874596139659053,
    1.1799369752407074,
    1.167929949319881,
    1.1856167497842207,
    1.1807360882344453,
    1.1790159837059353,
    1.2037465054055918,
    1.1824739795664083,
    1.1823421133601146,
    1.1757608017195826,
    1.1802987119425898,
    1.1889077217682549,
    1.190642588812372,
    1.2204233174738677,
    1.1708688049212745,
    1.183732659920402,
    1.2073031521361808
  ],
  "val_acc": [
    0.8283378746594006,
    0.8256130790190735,
    0.8283378746594006,
    0.8228882833787466,
    0.8337874659400545,
    0.8256130790190735,
    0.8310626702997275,
    0.8310626702997275,
    0.8256130790190735,
    0.8365122615803815,
    0.8337874659400545,
    0.8310626702997275,
    0.8310626702997275,
    0.8337874659400545,
    0.8283378746594006,
    0.8310626702997275,
    0.8256130790190735,
    0.8337874659400545,
    0.8310626702997275,
    0.8310626702997275,
    0.8283378746594006,
    0.8256130790190735,
    0.8310626702997275,
    0.8228882833787466
  ],
  "val_qwk": [
    0.8711353200684253,
    0.87196048457806,
    0.8804533949598328,
    0.8747253041454812,
    0.8893242401023994,
    0.8789409016946901,
    0.8846429073010226,
    0.8829766032922794,
    0.8772731872802714,
    0.8859058000997511,
    0.8901784586193673,
    0.8817294781129711,
    0.8752984531744927,
    0.8812221978110243,
    0.8857175903271439,
    0.8828349473236139,
    0.88240019313917,
    0.8834809405715275,
    0.8795113699061133,
    0.8871975287075468,
    0.8888031951521829,
    0.8723166802969442,
    0.8891174627999663,
    0.8828603839667362
  ],
  "gate_mean": [
    0.08170325121755809,
    0.08450682679079269,
    0.08618559451173238,
    0.08565064094187132,
    0.07197688211549501,
    0.07025464558006962,
    0.07363301514561385,
    0.07297880000999717,
    0.0713694095000869,
    0.0739517800835638,
    0.07586818611849852,
    0.07329316499332587,
    0.07890982464810864,
    0.07737332810469665,
    0.07774434038157997,
    0.07646184763743903,
    0.07613472660871151,
    0.07454646275953843,
    0.07899046989534396,
    0.07516079547667438,
    0.07829124753266736,
    0.07856223991781962,
    0.07975745566514998,
    0.07809829308849867
  ],
  "loss_noninf": [
    0.013419609934172995,
    0.012435197878547542,
    0.012036600409716856,
    0.012477822449119364,
    0.012487943360551458,
    0.01206627678472162,
    0.012127253796925636,
    0.012026811781965319,
    0.012121235697321552,
    0.01202666639385979,
    0.012945045091089655,
    0.012867062698662932,
    0.012445492825160423,
    0.012535710126935133,
    0.013066723108128772,
    0.013005588168044233,
    0.012236567860459043,
    0.01249326016153387,
    0.011703962302395229,
    0.011901327739647829,
    0.01168839021489187,
    0.011806576014012913,
    0.011394024600117096,
    0.011362312860339065
  ],
  "loss_distill": [
    0.0006433523464390115,
    0.0008742927304231925,
    0.0009336535022256876,
    0.0008805265904791797,
    0.00048408442805831316,
    0.0006432775625811293,
    0.0008954459862267316,
    0.0010726306486528595,
    0.0011802800056370944,
    0.0013558275214300359,
    0.0024527875721900563,
    0.0021105740139875724,
    0.0024225327308427117,
    0.002633522441329993,
    0.004299660628021229,
    0.003905221376163488,
    0.003130483474691215,
    0.0032089575172908977,
    0.004386583678200115,
    0.00321889508138996,
    0.0028221637972829674,
    0.0041264769682184226,
    0.004031363631863608,
    0.003197885831508498
  ],
  "loss_ordinal": [
    0.005734131211393304,
    0.005588496052672771,
    0.005454974975805892,
    0.006046747269211948,
    0.005357599846320227,
    0.0052258951182011515,
    0.005513510549100004,
    0.005617344350225796,
    0.005345543044303732,
    0.00593086409629348,
    0.00571991851562227,
    0.006047977156532531,
    0.0060895246301225486,
    0.00523391818656978,
    0.0062791259120895315,
    0.0062645086347471535,
    0.0056330625629726835,
    0.0057415288880650625,
    0.005362429266764981,
    0.005729475798774918,
    0.005159229612680244,
    0.004959805443618304,
    0.005400585269242464,
    0.0051439307290358375
  ],
  "lambda_noninf": [
    0.9,
    0.8928571428571429,
    0.8857142857142858,
    0.8785714285714286,
    0.8714285714285714,
    0.8642857142857143,
    0.8571428571428572,
    0.85,
    0.8428571428571429,
    0.8357142857142857,
    0.8285714285714286,
    0.8214285714285714,
    0.8142857142857143,
    0.8071428571428572,
    0.8,
    0.7928571428571428,
    0.7857142857142857,
    0.7785714285714286,
    0.7714285714285715,
    0.7642857142857142,
    0.7571428571428571,
    0.75,
    0.7428571428571429,
    0.7357142857142858
  ],
  "margin_noninf": [
    0.012,
    0.011904761904761906,
    0.01180952380952381,
    0.011714285714285715,
    0.011619047619047619,
    0.011523809523809525,
    0.011428571428571429,
    0.011333333333333334,
    0.011238095238095238,
    0.011142857142857144,
    0.011047619047619047,
    0.010952380952380953,
    0.010857142857142857,
    0.010761904761904762,
    0.010666666666666666,
    0.010571428571428572,
    0.010476190476190476,
    0.010380952380952381,
    0.010285714285714287,
    0.01019047619047619,
    0.010095238095238095,
    0.01,
    0.009904761904761906,
    0.00980952380952381
  ]
}