{
    "best_epoch": 37,
    "best_val_qwk": 0.7417401524894924,
    "test_loss": 0.8529050596829119,
    "test_accuracy": 0.6965065502183406,
    "test_precision": 0.709940432342177,
    "test_recall": 0.6965065502183406,
    "test_f1_score": 0.6435819780918239,
    "test_specificity": 0.9136672891154222,
    "test_roc_auc": 0.9015628741236694,
    "test_qwk": 0.6846106708669764,
    "confusion_matrix": [
        [
            394,
            0,
            57,
            0,
            0
        ],
        [
            12,
            3,
            75,
            3,
            0
        ],
        [
            12,
            4,
            232,
            1,
            1
        ],
        [
            2,
            1,
            39,
            6,
            0
        ],
        [
            3,
            5,
            63,
            0,
            3
        ]
    ]
}