{
  "train_loss": [
    0.16949770444892143,
    0.17056819141073956,
    0.15156953726879885,
    0.1721807472570672,
    0.16170351575713993,
    0.1622009490886347,
    0.16589816454085496,
    0.16195972593592817,
    0.1800500509008521,
    0.16171571899388656,
    0.1613677570321521,
    0.1655976167101352,
    0.17169398870420913,
    0.1676938391896219
  ],
  "val_loss": [
    1.1761927131725394,
    1.1844188195207845,
    1.19516366072323,
    1.1559926945230234,
    1.195076429973478,
    1.167551934071209,
    1.1990231729072074,
    1.1984372832204984,
    1.1695843604595766,
    1.1850058261467062,
    1.1819341461295667,
    1.1856303487135016,
    1.184369172738946,
    1.1888794996168301
  ],
  "val_acc": [
    0.8283378746594006,
    0.8310626702997275,
    0.8283378746594006,
    0.8365122615803815,
    0.8256130790190735,
    0.8310626702997275,
    0.8283378746594006,
    0.8283378746594006,
    0.8337874659400545,
    0.8310626702997275,
    0.8310626702997275,
    0.8228882833787466,
    0.8228882833787466,
    0.8283378746594006
  ],
  "val_qwk": [
    0.8819498517024821,
    0.880704288939052,
    0.8804039087374109,
    0.8859058000997511,
    0.8848197210638139,
    0.8851585126332959,
    0.8729595265083383,
    0.8773669910609143,
    0.8853432116397394,
    0.8791537469472875,
    0.8762498537679693,
    0.8731784603548213,
    0.8846933356934242,
    0.8741068245665563
  ],
  "gate_mean": [
    0.09134914609985273,
    0.10403290540590639,
    0.12219033078824887,
    0.10972375394216652,
    0.07242586671837854,
    0.07235380972587997,
    0.07380127489485376,
    0.07151938231834948,
    0.07083963518300669,
    0.07168879303979418,
    0.07044942771680042,
    0.07182514668019906,
    0.07280611957275802,
    0.07402150054039851
  ],
  "loss_noninf": [
    0.014169946872715741,
    0.012586730130301798,
    0.0104150218568498,
    0.011584776514744172,
    0.011556531867531479,
    0.011228011994841483,
    0.011696918473115873,
    0.011560600182255272,
    0.011239274689937876,
    0.010827780113418083,
    0.010588195419213811,
    0.011084931045058158,
    0.011192540495651342,
    0.010657183772533154
  ],
  "loss_distill": [
    0.003147613754350221,
    0.0032430419298696785,
    0.0033134629942691133,
    0.003468939955308117,
    0.0017384504474554138,
    0.0015339484849451377,
    0.0022442660730553517,
    0.001629412406121153,
    0.0015019713828621352,
    0.0016247503958592227,
    0.0017288996146379873,
    0.0018272028748191579,
    0.002208568931350808,
    0.0013509417661280267
  ],
  "loss_ordinal": [
    0.00566559296328437,
    0.0056896026532834935,
    0.005039949116552798,
    0.005508413023373896,
    0.005601655404004548,
    0.005398411362602431,
    0.005740386969060001,
    0.005574657227729493,
    0.006052503104180433,
    0.0057456275811444335,
    0.005486734566734239,
    0.005704387933361889,
    0.006190812877599466,
    0.005981475377552049
  ],
  "lambda_noninf": [
    0.8,
    0.7920289855072464,
    0.7840579710144928,
    0.7760869565217392,
    0.7681159420289856,
    0.760144927536232,
    0.7521739130434784,
    0.7442028985507246,
    0.736231884057971,
    0.7282608695652174,
    0.7202898550724638,
    0.7123188405797102,
    0.7043478260869566,
    0.696376811594203
  ],
  "margin_noninf": [
    0.01,
    0.009898550724637682,
    0.009797101449275362,
    0.009695652173913044,
    0.009594202898550725,
    0.009492753623188407,
    0.009391304347826087,
    0.009289855072463769,
    0.00918840579710145,
    0.009086956521739131,
    0.008985507246376812,
    0.008884057971014494,
    0.008782608695652174,
    0.008681159420289856
  ]
}