{
  "train_loss": [
    0.1659660223728972,
    0.1704711936658523,
    0.17146754650592477,
    0.16223364166630422,
    0.16785253948771237,
    0.16473829188470632,
    0.1640556666572563,
    0.16415363603113778,
    0.1590047210169946,
    0.16940746394296488,
    0.1643012830163123,
    0.1656242538793165,
    0.1764812712745914,
    0.16472978384076245,
    0.15696182961020966,
    0.1639070064847261,
    0.16781738239640748,
    0.16531944661681117,
    0.1598430030821451,
    0.1572962450932284,
    0.16019649640784236,
    0.1650851858281047,
    0.17000798296814407,
    0.16204444373973081,
    0.16605223392650403,
    0.15721397631155337,
    0.1577577096679823,
    0.16117567300307947
  ],
  "val_loss": [
    1.2075833419094915,
    1.229186264069184,
    1.2106682748898216,
    1.1726774184600166,
    1.2226280077644016,
    1.2066808893628742,
    1.1925307421580604,
    1.2224034867856814,
    1.2351311659035475,
    1.198137201692747,
    1.1848762035369873,
    1.1951621680156044,
    1.182543492835501,
    1.209796772055004,
    1.1733323620713276,
    1.182750900802405,
    1.1911521748356197,
    1.1798624046470807,
    1.1957574344199637,
    1.179770476144293,
    1.1789642831553584,
    1.170435858161553,
    1.1819548859544422,
    1.1866637870021488,
    1.153158453495606,
    1.2003647685050964,
    1.2106337553781013,
    1.2023471250482227
  ],
  "val_acc": [
    0.8310626702997275,
    0.8283378746594006,
    0.8228882833787466,
    0.8337874659400545,
    0.8228882833787466,
    0.8228882833787466,
    0.8283378746594006,
    0.8228882833787466,
    0.8201634877384196,
    0.8228882833787466,
    0.8283378746594006,
    0.8201634877384196,
    0.8283378746594006,
    0.8256130790190735,
    0.8337874659400545,
    0.8256130790190735,
    0.8256130790190735,
    0.8256130790190735,
    0.8228882833787466,
    0.8283378746594006,
    0.8256130790190735,
    0.8228882833787466,
    0.8256130790190735,
    0.8310626702997275,
    0.8337874659400545,
    0.8310626702997275,
    0.8256130790190735,
    0.8228882833787466
  ],
  "val_qwk": [
    0.8817903959476024,
    0.8811138003322705,
    0.8843658471642851,
    0.8855307070896105,
    0.8761096353481572,
    0.8832294406825993,
    0.8793504900571564,
    0.882709096960333,
    0.8787895580317462,
    0.8889842025183867,
    0.8816725776641494,
    0.8781883985486819,
    0.8734822078369786,
    0.8675616181299844,
    0.8893242401023994,
    0.8835976812663507,
    0.8829278666589871,
    0.875191436429411,
    0.871403026103705,
    0.8805968836833035,
    0.8819483801792142,
    0.8753204750731544,
    0.8759693614859271,
    0.8887080302712731,
    0.8776920097637426,
    0.8870141462107336,
    0.887320659764304,
    0.8732180281430644
  ],
  "gate_mean": [
    0.1671841418360426,
    0.149815171224172,
    0.15026891099217812,
    0.15147367266357922,
    0.1512153224174768,
    0.15400018329258824,
    0.15045035724105732,
    0.15258709455285568,
    0.15129384416781488,
    0.15106981691441249,
    0.15071403870328529,
    0.1393771923752756,
    0.091419292746183,
    0.06841898876461175,
    0.06806932125098067,
    0.0698316783486494,
    0.07114770202363124,
    0.07093875255700344,
    0.07253994037463365,
    0.0716119795386257,
    0.0726142986753925,
    0.07293920375691737,
    0.07299676896810857,
    0.07575579047650913,
    0.07411691160679189,
    0.07385379139110039,
    0.07600412247040884,
    0.07224028012995186
  ],
  "loss_noninf": [
    0.012303356068524344,
    0.011742671368938815,
    0.011739405248660207,
    0.011047596513940012,
    0.011206338787705846,
    0.011418098077442639,
    0.010689954451524495,
    0.01100695873941473,
    0.010317057516181567,
    0.010409009228129693,
    0.010813665314185652,
    0.011000136952959205,
    0.011117174251951644,
    0.012128374732705088,
    0.011513604528062004,
    0.011344782463554802,
    0.012389331226506846,
    0.01159732899745631,
    0.01182518201203294,
    0.011800962230546878,
    0.011687430484434132,
    0.011137844002271285,
    0.01124541608545461,
    0.0109068169182197,
    0.011143516942532988,
    0.010890386296344584,
    0.010614469441295158,
    0.010497500438019227
  ],
  "loss_distill": [
    0.0007201832960645383,
    0.0017904266079298036,
    0.0013590156887288974,
    0.0016766842014138469,
    0.0016693558448975234,
    0.0013789242419407542,
    0.0011683995728530474,
    0.0014019213835365276,
    0.0014329423169915398,
    0.0013668810169208067,
    0.0018990634925615123,
    0.0014524363146261013,
    0.0006642659714759889,
    0.001338356876747967,
    0.00102330782910592,
    0.0014020453346431983,
    0.00250235382423614,
    0.002323956518479155,
    0.0025679423279988405,
    0.0028262795842904087,
    0.0022915995642342453,
    0.0018758180285161463,
    0.002217857662526015,
    0.002590978228004555,
    0.0023564760866791232,
    0.0018558016429286923,
    0.0022587954996107907,
    0.0019864910199495207
  ],
  "loss_ordinal": [
    0.005774693365260969,
    0.00582878653671277,
    0.006201400784482986,
    0.005330730570910264,
    0.005433769991412718,
    0.005105270448782039,
    0.005783090852977087,
    0.005805012561658224,
    0.004980136964328923,
    0.005623910370628894,
    0.005037260445374283,
    0.005533283448980388,
    0.005941716201547431,
    0.00536992201086037,
    0.0051815611387595354,
    0.005407472762922996,
    0.005753391871452739,
    0.0054112863421562265,
    0.005190284516855749,
    0.005363578393341607,
    0.005171336735855747,
    0.005483137903279559,
    0.005714859974079465,
    0.005620499602086394,
    0.005911203831258672,
    0.004824611810010557,
    0.005646907189597574,
    0.005032472493434885
  ],
  "lambda_noninf": [
    0.9,
    0.8928571428571429,
    0.8857142857142858,
    0.8785714285714286,
    0.8714285714285714,
    0.8642857142857143,
    0.8571428571428572,
    0.85,
    0.8428571428571429,
    0.8357142857142857,
    0.8285714285714286,
    0.8214285714285714,
    0.8142857142857143,
    0.8071428571428572,
    0.8,
    0.7928571428571428,
    0.7857142857142857,
    0.7785714285714286,
    0.7714285714285715,
    0.7642857142857142,
    0.7571428571428571,
    0.75,
    0.7428571428571429,
    0.7357142857142858,
    0.7285714285714285,
    0.7214285714285714,
    0.7142857142857143,
    0.7071428571428571
  ],
  "margin_noninf": [
    0.012,
    0.011904761904761906,
    0.01180952380952381,
    0.011714285714285715,
    0.011619047619047619,
    0.011523809523809525,
    0.011428571428571429,
    0.011333333333333334,
    0.011238095238095238,
    0.011142857142857144,
    0.011047619047619047,
    0.010952380952380953,
    0.010857142857142857,
    0.010761904761904762,
    0.010666666666666666,
    0.010571428571428572,
    0.010476190476190476,
    0.010380952380952381,
    0.010285714285714287,
    0.01019047619047619,
    0.010095238095238095,
    0.01,
    0.009904761904761906,
    0.00980952380952381,
    0.009714285714285715,
    0.009619047619047619,
    0.009523809523809525,
    0.009428571428571429
  ]
}