{
    "best_epoch": 43,
    "best_val_qwk": 0.8347654816845926,
    "test_loss": 1.6003059970921483,
    "test_accuracy": 0.7390829694323144,
    "test_precision": 0.7327108512552568,
    "test_recall": 0.7390829694323144,
    "test_f1_score": 0.7293679233278572,
    "test_specificity": 0.9308019647478055,
    "test_roc_auc": 0.9186899765943207,
    "test_qwk": 0.7819361239678576,
    "confusion_matrix": [
        [
            429,
            3,
            17,
            1,
            1
        ],
        [
            15,
            26,
            39,
            6,
            7
        ],
        [
            13,
            10,
            182,
            10,
            35
        ],
        [
            0,
            0,
            24,
            11,
            13
        ],
        [
            1,
            7,
            30,
            7,
            29
        ]
    ]
}