{
  "train_loss": [
    0.158933421342425,
    0.16320239310788978,
    0.16409526991306758,
    0.14097313810893095,
    0.14698603314658007,
    0.14520781613438508,
    0.14041234976281233,
    0.13159602880477905,
    0.13602211137042672,
    0.130304978112054,
    0.13546075881586048,
    0.14090647513830595,
    0.130112720398955
  ],
  "val_loss": [
    1.2199701174445774,
    1.1785461863745814,
    1.2138804249141528,
    1.1958162285711453,
    1.1964175519735918,
    1.2292786512685858,
    1.2466145209644153,
    1.1895702034235,
    1.2186335364113683,
    1.2212092409963193,
    1.1891002538411513,
    1.2151502228301505,
    1.2256652000157728
  ],
  "val_acc": [
    0.8256130790190735,
    0.8256130790190735,
    0.8310626702997275,
    0.8256130790190735,
    0.8256130790190735,
    0.8228882833787466,
    0.8283378746594006,
    0.8337874659400545,
    0.8310626702997275,
    0.8283378746594006,
    0.8283378746594006,
    0.8256130790190735,
    0.8201634877384196
  ],
  "val_qwk": [
    0.8769084451713982,
    0.8768420317697694,
    0.8795800065623974,
    0.8689478100278881,
    0.873983268524134,
    0.8669862479741235,
    0.874668391520774,
    0.8780949815961936,
    0.8740767494356659,
    0.8769051196737148,
    0.8776295847226432,
    0.8746503413360311,
    0.8726595334030178
  ],
  "gate_mean": [
    0.17352600147326788,
    0.15684800116660816,
    0.15667010151623376,
    0.15997514296628412,
    0.16386387521614793,
    0.16946492470353028,
    0.1671746585294197,
    0.16816219339360955,
    0.17140261360693498,
    0.17715553949520887,
    0.1735859057290958,
    0.1642259003523269,
    0.15719434861195544
  ],
  "loss_noninf": [
    0.012116794492235112,
    0.010477547510908763,
    0.01279724219844478,
    0.00878735980059687,
    0.00831938955342509,
    0.010257731504799401,
    0.008091161686601372,
    0.007459222540116864,
    0.00838739927247411,
    0.006896812378433966,
    0.008362020980414064,
    0.008966484857733296,
    0.008348534942243269
  ],
  "loss_distill": [
    0.004568705131691662,
    0.008551455594683855,
    0.011613095788074571,
    0.01554794124681617,
    0.01869943815657533,
    0.020963984666280244,
    0.025030808607269018,
    0.028118232012404477,
    0.026789957705326634,
    0.029096777207116963,
    0.025031073513832654,
    0.02327906015479194,
    0.027999613873019327
  ],
  "loss_ordinal": [
    0.00517481215656964,
    0.005224921199546546,
    0.0051427096278913054,
    0.004569609501574677,
    0.004499809445763678,
    0.004648177763491696,
    0.0047301097195391936,
    0.00417089644763676,
    0.004298564577646951,
    0.005171200409856029,
    0.0043111270724743595,
    0.004741359568713742,
    0.004348089122353376
  ],
  "lambda_noninf": [
    0.8,
    0.7920289855072464,
    0.7840579710144928,
    0.7760869565217392,
    0.7681159420289856,
    0.760144927536232,
    0.7521739130434784,
    0.7442028985507246,
    0.736231884057971,
    0.7282608695652174,
    0.7202898550724638,
    0.7123188405797102,
    0.7043478260869566
  ],
  "margin_noninf": [
    0.01,
    0.009898550724637682,
    0.009797101449275362,
    0.009695652173913044,
    0.009594202898550725,
    0.009492753623188407,
    0.009391304347826087,
    0.009289855072463769,
    0.00918840579710145,
    0.009086956521739131,
    0.008985507246376812,
    0.008884057971014494,
    0.008782608695652174
  ]
}