{
    "best_epoch": 60,
    "best_val_qwk": 0.7248972456248024,
    "test_loss": 0.7774926172248249,
    "test_accuracy": 0.7183406113537117,
    "test_precision": 0.7090694675023747,
    "test_recall": 0.7183406113537117,
    "test_f1_score": 0.6516849318640722,
    "test_specificity": 0.918575713194927,
    "test_roc_auc": 0.9080479603616113,
    "test_qwk": 0.725327304823069,
    "confusion_matrix": [
        [
            416,
            0,
            35,
            0,
            0
        ],
        [
            13,
            0,
            77,
            3,
            0
        ],
        [
            15,
            0,
            234,
            1,
            0
        ],
        [
            2,
            0,
            40,
            6,
            0
        ],
        [
            3,
            1,
            68,
            0,
            2
        ]
    ]
}