{
  "train_loss": [
    7.9804564649290075,
    1.3572849334914827,
    1.2870486326556387,
    1.2594903264540793,
    1.2330716877687173,
    1.1956816973581992,
    1.190257652209756,
    1.1685902639164951,
    1.1648823006556985,
    1.1561227014155988,
    1.2145065495876666,
    1.2066222842925234,
    1.2093007812083094,
    1.187200648537099,
    1.1957102378860849,
    1.1889689134769752,
    1.1739001489076457,
    1.1726054679500602,
    1.1571698612202712,
    1.1534441898429328,
    1.1492070788568487,
    1.132822596798829,
    1.1198055390777484,
    1.1167223870428533,
    1.094034425873574,
    1.0881303526013275,
    1.0934853609142408,
    1.0831689176663675,
    1.0783465048654484,
    1.066522004500113,
    1.1666139784406444,
    1.147011973981649,
    1.1446151520059409,
    1.1410670021518332,
    1.1296598090500127
  ],
  "val_loss": [
    1.4397732796876326,
    1.2652361833530923,
    1.34247726979463,
    1.2384587578151538,
    1.2671015055283257,
    1.2386738891186921,
    1.2776582474293916,
    1.1862142448839934,
    1.200770668361498,
    1.204476491264675,
    1.2148579903270886,
    1.3264304632725923,
    1.2206746106562407,
    1.2355716798616492,
    1.2086432887160259,
    1.188236091447913,
    1.2141080369120059,
    1.2106765897377678,
    1.233009504235309,
    1.1847465893496638,
    1.220915657022725,
    1.2022711012674414,
    1.1691189719283062,
    1.1670732938725015,
    1.206654095131418,
    1.1904160795004473,
    1.2014754544133726,
    1.198512966218202,
    1.1916590695795806,
    1.1898134739502617,
    1.254702039386915,
    1.1707369270532026,
    1.239194032938584,
    1.2586421500081602,
    1.3862271412559177
  ],
  "val_acc": [
    0.5885558583106267,
    0.5885558583106267,
    0.5177111716621253,
    0.5667574931880109,
    0.667574931880109,
    0.7138964577656676,
    0.7002724795640327,
    0.659400544959128,
    0.670299727520436,
    0.6730245231607629,
    0.7193460490463215,
    0.6920980926430518,
    0.7193460490463215,
    0.7166212534059946,
    0.5994550408719346,
    0.670299727520436,
    0.6975476839237057,
    0.6403269754768393,
    0.6948228882833788,
    0.7084468664850136,
    0.7002724795640327,
    0.6948228882833788,
    0.659400544959128,
    0.6893732970027248,
    0.6430517711171662,
    0.659400544959128,
    0.6784741144414169,
    0.6648501362397821,
    0.6757493188010899,
    0.667574931880109,
    0.5994550408719346,
    0.6321525885558583,
    0.6839237057220708,
    0.6457765667574932,
    0.6975476839237057
  ],
  "val_qwk": [
    0.5855073793917515,
    0.6089253210271208,
    0.32652679562854303,
    0.6098500417080712,
    0.6912205069018275,
    0.6888472590291105,
    0.6931422763617066,
    0.6167551454148994,
    0.6356731522575575,
    0.6501265226858117,
    0.6971520193869504,
    0.6019134299807876,
    0.6382054914805018,
    0.6821210071364208,
    0.5800522658451033,
    0.6491420277314501,
    0.6842977453689705,
    0.6892980990336199,
    0.6431471516051215,
    0.7112766744557404,
    0.674998682199146,
    0.6964673868727416,
    0.6828357168743553,
    0.6863500014807984,
    0.6684964857394291,
    0.6613769112270012,
    0.6910315455851037,
    0.6778508246935405,
    0.6888756318879714,
    0.6738532887476181,
    0.6385891264893869,
    0.6516653581086975,
    0.672661656611489,
    0.6497838641366542,
    0.6339251348494295
  ]
}