{
  "Baseline_HybridCNNViT_Gate_Improved": {
    "model_name": "Baseline_HybridCNNViT_Gate_Improved",
    "accuracy": 0.6321525885558583,
    "precision_macro": 0.46067616284972035,
    "recall_macro": 0.467938086967456,
    "f1_macro": 0.4356629609813131,
    "precision_weighted": 0.7021372097966214,
    "recall_weighted": 0.6321525885558583,
    "f1_weighted": 0.6530264140975548,
    "specificity": 0.9121814651326193,
    "qwk": 0.6397444562453736,
    "roc_auc": 0.9041061156087872,
    "confusion_matrix": [
      [
        164,
        1,
        6,
        10,
        0
      ],
      [
        5,
        11,
        1,
        16,
        4
      ],
      [
        5,
        10,
        41,
        30,
        14
      ],
      [
        0,
        3,
        4,
        10,
        2
      ],
      [
        1,
        8,
        10,
        5,
        6
      ]
    ],
    "classification_report": {
      "No DR": {
        "precision": 0.9371428571428572,
        "recall": 0.9060773480662984,
        "f1-score": 0.9213483146067416,
        "support": 181.0
      },
      "Mild": {
        "precision": 0.3333333333333333,
        "recall": 0.2972972972972973,
        "f1-score": 0.3142857142857143,
        "support": 37.0
      },
      "Moderate": {
        "precision": 0.6612903225806451,
        "recall": 0.41,
        "f1-score": 0.5061728395061729,
        "support": 100.0
      },
      "Severe": {
        "precision": 0.14084507042253522,
        "recall": 0.5263157894736842,
        "f1-score": 0.2222222222222222,
        "support": 19.0
      },
      "Proliferative": {
        "precision": 0.23076923076923078,
        "recall": 0.2,
        "f1-score": 0.21428571428571427,
        "support": 30.0
      },
      "accuracy": 0.6321525885558583,
      "macro avg": {
        "precision": 0.46067616284972035,
        "recall": 0.467938086967456,
        "f1-score": 0.4356629609813131,
        "support": 367.0
      },
      "weighted avg": {
        "precision": 0.7021372097966214,
        "recall": 0.6321525885558583,
        "f1-score": 0.6530264140975548,
        "support": 367.0
      }
    }
  },
  "Improved_Anchored_Prototype": {
    "model_name": "Improved_Anchored_Prototype",
    "accuracy": 0.8392370572207084,
    "precision_macro": 0.7070512195608385,
    "recall_macro": 0.6319510857178784,
    "f1_macro": 0.6562894659685611,
    "precision_weighted": 0.8299362066003843,
    "recall_weighted": 0.8392370572207084,
    "f1_weighted": 0.8276849545939955,
    "specificity": 0.9579226996203497,
    "qwk": 0.8857743617766901,
    "roc_auc": 0.9493284756269621,
    "confusion_matrix": [
      [
        178,
        2,
        1,
        0,
        0
      ],
      [
        4,
        20,
        13,
        0,
        0
      ],
      [
        0,
        3,
        92,
        3,
        2
      ],
      [
        0,
        1,
        7,
        6,
        5
      ],
      [
        0,
        3,
        12,
        3,
        12
      ]
    ],
    "classification_report": {
      "No DR": {
        "precision": 0.978021978021978,
        "recall": 0.9834254143646409,
        "f1-score": 0.9807162534435262,
        "support": 181.0
      },
      "Mild": {
        "precision": 0.6896551724137931,
        "recall": 0.5405405405405406,
        "f1-score": 0.6060606060606061,
        "support": 37.0
      },
      "Moderate": {
        "precision": 0.736,
        "recall": 0.92,
        "f1-score": 0.8177777777777778,
        "support": 100.0
      },
      "Severe": {
        "precision": 0.5,
        "recall": 0.3157894736842105,
        "f1-score": 0.3870967741935484,
        "support": 19.0
      },
      "Proliferative": {
        "precision": 0.631578947368421,
        "recall": 0.4,
        "f1-score": 0.4897959183673469,
        "support": 30.0
      },
      "accuracy": 0.8392370572207084,
      "macro avg": {
        "precision": 0.7070512195608385,
        "recall": 0.6319510857178784,
        "f1-score": 0.6562894659685611,
        "support": 367.0
      },
      "weighted avg": {
        "precision": 0.8299362066003843,
        "recall": 0.8392370572207084,
        "f1-score": 0.8276849545939955,
        "support": 367.0
      }
    }
  },
  "Improved_Anchored_FiLM": {
    "model_name": "Improved_Anchored_FiLM",
    "accuracy": 0.8283378746594006,
    "precision_macro": 0.67731649284818,
    "recall_macro": 0.6349999240298746,
    "f1_macro": 0.6514904614493081,
    "precision_weighted": 0.8175198415598917,
    "recall_weighted": 0.8283378746594006,
    "f1_weighted": 0.8204001828386305,
    "specificity": 0.9551984866962547,
    "qwk": 0.8957927906090931,
    "roc_auc": 0.9518683110382791,
    "confusion_matrix": [
      [
        178,
        3,
        0,
        0,
        0
      ],
      [
        7,
        18,
        11,
        1,
        0
      ],
      [
        0,
        7,
        87,
        3,
        3
      ],
      [
        0,
        0,
        7,
        7,
        5
      ],
      [
        0,
        3,
        8,
        5,
        14
      ]
    ],
    "classification_report": {
      "No DR": {
        "precision": 0.9621621621621622,
        "recall": 0.9834254143646409,
        "f1-score": 0.9726775956284153,
        "support": 181.0
      },
      "Mild": {
        "precision": 0.5806451612903226,
        "recall": 0.4864864864864865,
        "f1-score": 0.5294117647058824,
        "support": 37.0
      },
      "Moderate": {
        "precision": 0.7699115044247787,
        "recall": 0.87,
        "f1-score": 0.8169014084507042,
        "support": 100.0
      },
      "Severe": {
        "precision": 0.4375,
        "recall": 0.3684210526315789,
        "f1-score": 0.4,
        "support": 19.0
      },
      "Proliferative": {
        "precision": 0.6363636363636364,
        "recall": 0.4666666666666667,
        "f1-score": 0.5384615384615384,
        "support": 30.0
      },
      "accuracy": 0.8283378746594006,
      "macro avg": {
        "precision": 0.67731649284818,
        "recall": 0.6349999240298746,
        "f1-score": 0.6514904614493081,
        "support": 367.0
      },
      "weighted avg": {
        "precision": 0.8175198415598917,
        "recall": 0.8283378746594006,
        "f1-score": 0.8204001828386305,
        "support": 367.0
      }
    }
  },
  "Improved_Anchored_SpectralNorm": {
    "model_name": "Improved_Anchored_SpectralNorm",
    "accuracy": 0.8446866485013624,
    "precision_macro": 0.7065297636726208,
    "recall_macro": 0.687713058216693,
    "f1_macro": 0.6888378048617257,
    "precision_weighted": 0.8390484637662529,
    "recall_weighted": 0.8446866485013624,
    "f1_weighted": 0.8395113463901361,
    "specificity": 0.960059430042109,
    "qwk": 0.906792740344228,
    "roc_auc": 0.9564430235889936,
    "confusion_matrix": [
      [
        178,
        3,
        0,
        0,
        0
      ],
      [
        6,
        24,
        6,
        0,
        1
      ],
      [
        1,
        9,
        81,
        2,
        7
      ],
      [
        0,
        1,
        8,
        5,
        5
      ],
      [
        0,
        2,
        3,
        3,
        22
      ]
    ],
    "classification_report": {
      "No DR": {
        "precision": 0.9621621621621622,
        "recall": 0.9834254143646409,
        "f1-score": 0.9726775956284153,
        "support": 181.0
      },
      "Mild": {
        "precision": 0.6153846153846154,
        "recall": 0.6486486486486487,
        "f1-score": 0.631578947368421,
        "support": 37.0
      },
      "Moderate": {
        "precision": 0.826530612244898,
        "recall": 0.81,
        "f1-score": 0.8181818181818182,
        "support": 100.0
      },
      "Severe": {
        "precision": 0.5,
        "recall": 0.2631578947368421,
        "f1-score": 0.3448275862068966,
        "support": 19.0
      },
      "Proliferative": {
        "precision": 0.6285714285714286,
        "recall": 0.7333333333333333,