{
  "train_loss": [
    15.442058320742488,
    6.7799873168025515,
    4.815818055894206,
    2.707848613053723,
    2.201209890467873,
    1.4632708735641886,
    0.8299790174583268,
    0.6187339584684112,
    0.4903858308095098,
    0.4465541621374954,
    2.3164988638924773,
    2.6775615747834816,
    2.001055086571011,
    1.97772883790764,
    1.4090155013760581,
    1.1052654329382006,
    1.0527957523129676,
    0.9691716169154709,
    0.6667882729667783,
    0.5768901616986332,
    0.5971097180752155,
    0.440473974768907,
    0.38878025871808414,
    0.3476129591342856,
    0.32947883162586417,
    0.2811233500232462,
    0.2347398242745243,
    0.21148062464806552,
    0.19927885279547972,
    0.1516062057694125,
    1.8212408367239061,
    1.8335327207227874,
    1.3835210272217873,
    0.9296283862792729,
    1.0082924555315347,
    0.7651458406322152
  ],
  "val_loss": [
    1.2866325948549353,
    1.179012629001037,
    1.1235909980276357,
    1.1462793337262196,
    1.110253112471622,
    1.143047490845556,
    1.0587544778118962,
    1.0181824707466622,
    0.9988474133222,
    1.034666014754254,
    1.226980165294979,
    1.1601054940534674,
    1.2333630090174468,
    1.1805633824804556,
    1.120209407547246,
    1.1366961669662725,
    1.2825416715248772,
    1.2825146570153858,
    1.229280979089115,
    1.1756721015857614,
    1.243300181368123,
    1.483344193385995,
    1.315916865416195,
    1.506497302133104,
    1.3509441821471504,
    1.3108880636484728,
    1.491515374701956,
    1.3283358222764472,
    1.3231780956620756,
    1.3232886221097864,
    1.749067192816216,
    1.6025916014028632,
    1.5494412404039632,
    1.5210952758789062,
    1.5329557579496633,
    1.7202762782411731
  ],
  "val_acc": [
    0.6893732970027248,
    0.7220708446866485,
    0.8038147138964578,
    0.7901907356948229,
    0.7602179836512262,
    0.8201634877384196,
    0.8147138964577657,
    0.8092643051771117,
    0.8092643051771117,
    0.8283378746594006,
    0.782016348773842,
    0.7574931880108992,
    0.7629427792915532,
    0.7465940054495913,
    0.7629427792915532,
    0.7929155313351499,
    0.8038147138964578,
    0.7329700272479565,
    0.8174386920980926,
    0.7983651226158038,
    0.8147138964577657,
    0.8147138964577657,
    0.8174386920980926,
    0.8092643051771117,
    0.8365122615803815,
    0.8228882833787466,
    0.8337874659400545,
    0.8174386920980926,
    0.8174386920980926,
    0.8201634877384196,
    0.8119891008174387,
    0.7629427792915532,
    0.7629427792915532,
    0.776566757493188,
    0.771117166212534,
    0.771117166212534
  ],
  "val_qwk": [
    0.7848923095692117,
    0.8483039928703784,
    0.8534971666938305,
    0.8490616851462535,
    0.8276309206563135,
    0.8624661614094605,
    0.8571751162701311,
    0.8556697189978639,
    0.8592181332437505,
    0.8640439924177548,
    0.8154186840821229,
    0.808183490401679,
    0.8028004605672389,
    0.8182714836673404,
    0.8301986802564022,
    0.8593577208176851,
    0.849617171349776,
    0.8184337778818073,
    0.8561664786739824,
    0.8529312653120702,
    0.8877227644156105,
    0.858986062334039,
    0.854116875437873,
    0.8752040261153428,
    0.8688670829616414,
    0.8679087124746042,
    0.8668194449277451,
    0.8678484174445741,
    0.8595788425546038,
    0.8660663373066378,
    0.8724166423151721,
    0.8222409435551812,
    0.8289664936052941,
    0.847554483715378,
    0.8429271414571708,
    0.8274994011651293
  ],
  "gate_mean": [
    0.5135708731380316,
    0.5117697749958664,
    0.5123177949196654,
    0.5181287018979182,
    0.5310074494836109,
    0.5442739155123143,
    0.5558035999047951,
    0.5676477235523077,
    0.5744389491003068,
    0.5770601760494253,
    0.5825158559559472,
    0.5885833931750939,
    0.5984164678333886,
    0.6108608499902194,
    0.627945852735655,
    0.6508662501970927,
    0.6804814895645517,
    0.715103949679703,
    0.7486534340134083,
    0.7789301833168405,
    0.805780991830461,
    0.8251637256210619,
    0.8404167304273511,
    0.8519583494285417,
    0.8606251468423938,
    0.8666691027703832,
    0.8706441502102086,
    0.8733465437029229,
    0.8744853406004567,
    0.8750258869812136,
    0.8810799457336385,
    0.8892981602194531,
    0.8973271328894818,
    0.9086839390582726,
    0.9206529194540013,
    0.9322235864368292
  ]
}