{
  "train_loss": [
    6.7666709364437665,
    1.353416007073199,
    1.2747465046377129,
    1.2525308659819305,
    1.229655037486488,
    1.2042488133321043,
    1.1952363109328057,
    1.1664348593175085,
    1.157440185546875,
    1.1356772109459006,
    1.2524386025517364,
    1.2052204657773502,
    1.2109491691563299,
    1.2106813047427298,
    1.1860360718164287,
    1.1797449090441718,
    1.174393736599573,
    1.1593806590538858,
    1.163872079771073,
    1.1557660830802605,
    1.1371825907399746,
    1.114855705388908,
    1.1149051964608698,
    1.1045936583821239,
    1.0833924155417687,
    1.0645447936865802,
    1.0574603859192686,
    1.0325808803566168,
    1.0272624100166592,
    1.0208006751993315,
    1.1553946622733862,
    1.1427467737367245,
    1.131093491947716,
    1.1470971162853345,
    1.1435582927667378,
    1.1395528896258829,
    1.1144099499358506,
    1.126821818247519,
    1.1093139620752281,
    1.1104680338843924,
    1.1063507666679029,
    1.0997729132084246,
    1.0944876967232084,
    1.0946748318567954,
    1.0951143848440035,
    1.0670626599931978,
    1.0558595075959065,
    1.0484023458970702,
    1.049901096384382,
    1.0227478084668435,
    1.0153097277456293,
    0.9942284074963116,
    0.9869621664774223,
    0.9814905856476456,
    0.9644135621076073,
    0.9453055729957226,
    0.920281712637573,
    0.9121912491451847,
    0.9019335280350649,
    0.8835420636205725,
    0.8749353514343011,
    0.8468923457984716,
    0.8582219450525899,
    0.8237871657140919
  ],
  "val_loss": [
    1.5068277483401091,
    1.4983069585717244,
    1.3159407247667727,
    1.3885163638902747,
    1.2580559175947439,
    1.2458868778270225,
    1.2418988036072773,
    1.267888631509698,
    1.262076613695725,
    1.2473817571349766,
    1.2179372206978176,
    1.233389781868976,
    1.249036537564319,
    1.2339538620865864,
    1.1920486273972883,
    1.3147174430930095,
    1.3768951724404874,
    1.2313189221465068,
    1.1908508850180584,
    1.2572461884954702,
    1.247816000295722,
    1.3004526755084163,
    1.2925583474014117,
    1.2587401167206143,
    1.2706482151280278,
    1.2954045300898345,
    1.2884901930456576,
    1.312909053719562,
    1.307658244734225,
    1.306854634181313,
    1.236254166001859,
    1.2331123922182166,
    1.2692971618279167,
    1.2897801088250203,
    1.2121405238690584,
    1.266127171723739,
    1.1999684831370478,
    1.3013667464256287,
    1.19631768827853,
    1.270706701537837,
    1.2043136539666548,
    1.164470252783402,
    1.2216647267341614,
    1.2627684577651646,
    1.2829909428306248,
    1.1880414408186208,
    1.1726329119309136,
    1.2296760600546133,
    1.2044069378272346,
    1.2427140163338704,
    1.1390102894409844,
    1.1679921875829282,
    1.228696311297624,
    1.2311247107775316,
    1.2068048287992892,
    1.2208260038624639,
    1.1905532375625942,
    1.1671532405459362,
    1.2383705986582714,
    1.1964922987896462,
    1.2093217541342196,
    1.186914517827656,
    1.2678184185339056,
    1.2417022663614024
  ],
  "val_acc": [
    0.55858310626703,
    0.55858310626703,
    0.5994550408719346,
    0.7002724795640327,
    0.6920980926430518,
    0.662125340599455,
    0.6839237057220708,
    0.6811989100817438,
    0.6975476839237057,
    0.6757493188010899,
    0.659400544959128,
    0.670299727520436,
    0.6376021798365122,
    0.7057220708446866,
    0.7002724795640327,
    0.7193460490463215,
    0.7057220708446866,
    0.6893732970027248,
    0.6757493188010899,
    0.7002724795640327,
    0.6784741144414169,
    0.6648501362397821,
    0.7002724795640327,
    0.662125340599455,
    0.662125340599455,
    0.6757493188010899,
    0.6839237057220708,
    0.6920980926430518,
    0.6866485013623979,
    0.6866485013623979,
    0.7084468664850136,
    0.6975476839237057,
    0.6049046321525886,
    0.6784741144414169,
    0.6185286103542235,
    0.6757493188010899,
    0.7002724795640327,
    0.6294277929155313,
    0.6784741144414169,
    0.6893732970027248,
    0.6457765667574932,
    0.6539509536784741,
    0.6730245231607629,
    0.6430517711171662,
    0.6321525885558583,
    0.659400544959128,
    0.6566757493188011,
    0.659400544959128,
    0.6485013623978202,
    0.6430517711171662,
    0.659400544959128,
    0.6566757493188011,
    0.662125340599455,
    0.6566757493188011,
    0.6321525885558583,
    0.6811989100817438,
    0.6512261580381471,
    0.6512261580381471,
    0.659400544959128,
    0.6648501362397821,
    0.6485013623978202,
    0.667574931880109,
    0.6485013623978202,
    0.6512261580381471
  ],
  "val_qwk": [
    0.45421491902650857,
    0.6342662515114337,
    0.5243040340743692,
    0.6165919977022045,
    0.639350176014728,
    0.5396678656294105,
    0.6328661491168655,
    0.5918416390492531,
    0.6553022320394841,
    0.6211540483450102,
    0.5917025709488845,
    0.6195046905570141,
    0.5959943074798042,
    0.6355067792812108,
    0.6235111036113856,
    0.6756263880109419,
    0.633875689105236,
    0.6135493003553538,
    0.6622613942544875,
    0.6521515422319712,
    0.67154887956189,
    0.6471097958564954,
    0.6510247803223848,
    0.6728761655857101,
    0.662573364568377,
    0.6506224066390042,
    0.6845879208979155,
    0.7086751717816389,
    0.6923623873531075,
    0.7054844586514066,
    0.6649324527422024,
    0.6274452613187611,
    0.5923359700332742,
    0.6400013836692438,
    0.566010503408212,
    0.6565544851745277,
    0.6888552050149008,
    0.6248704187437928,
    0.6857516448291257,
    0.7151780728570212,
    0.6982268305748045,
    0.6923135279185348,
    0.6088937119724922,
    0.591752267374856,
    0.5803651983124711,
    0.6615173640383798,
    0.7127223612113026,
    0.6291420471291631,
    0.7438635969494579,
    0.6314064846000893,
    0.7053969794836373,
    0.6692867346447431,
    0.6908595985467951,
    0.6631038400363554,
    0.6709633276446486,
    0.7122356217865209,
    0.6740018064150126,
    0.6844220726648009,
    0.6990969877127433,
    0.6966936305720214,
    0.6977769383322315,
    0.6891404078245,
    0.6646739211084753,
    0.6903721009811383
  ]
}