{"train_loss": [5.6867097337714965, 0.89806793605695, 0.8172269901616978, 0.8165296772138668, 0.7860768038392718, 0.7782264591240492, 0.7700090900144941, 0.7517585431943175, 0.7391679172958833, 0.7359125285200734, 0.8219085724953094, 0.7988080898594987, 0.7571280531870211, 0.7751862313903746, 0.7673429527569339, 0.7637357301399356, 0.7575158895364876, 0.7573652350511707, 0.7442670169749547, 0.7337594141399926, 0.738149618679057, 0.7212900162720289, 0.7128960858277285, 0.7091090402316526, 0.697140534393123, 0.6902001269690977, 0.6869447841181782, 0.6817668031473629, 0.6795360987466541, 0.677326887845993], "val_loss": [1.3901890667322871, 0.8956333044764132, 0.8211421510179296, 0.830925131445035, 0.7946992692733006, 0.842554511020229, 0.7897497632360588, 0.7670299295508569, 0.8121193491470586, 0.7667534387079181, 0.9699539301830676, 0.8449735667465168, 0.7911622685859898, 0.8018487580628096, 0.7868872457856378, 0.7921243761475795, 0.8272371361138711, 0.7796689765654727, 0.7703245224517438, 0.7656167205575376, 0.8008830667516517, 0.7753340363989734, 0.7913761544942206, 0.7829339395426924, 0.7795574646392376, 0.7859230238020583, 0.7764084698881051, 0.7767486382245368, 0.7728009931235612, 0.7753900509601718], "val_acc": [0.5367847411444142, 0.7029972752043597, 0.7084468664850136, 0.7002724795640327, 0.7465940054495913, 0.7111716621253406, 0.7329700272479565, 0.7302452316076294, 0.7384196185286104, 0.7302452316076294, 0.6893732970027248, 0.7057220708446866, 0.7411444141689373, 0.7247956403269755, 0.7356948228882834, 0.7438692098092643, 0.7247956403269755, 0.7275204359673024, 0.7247956403269755, 0.7438692098092643, 0.7356948228882834, 0.7329700272479565, 0.7329700272479565, 0.7356948228882834, 0.7329700272479565, 0.7329700272479565, 0.7384196185286104, 0.7356948228882834, 0.7356948228882834, 0.7302452316076294], "val_f1": [0.4333576618658363, 0.6213398802631045, 0.6244663003357847, 0.6625063792655284, 0.6946597802766479, 0.6626147553997678, 0.6867251518227637, 0.685068255800817, 0.6737526379761714, 0.673790411665071, 0.6022707688223327, 0.6194874480357694, 0.698761749591884, 0.6511125190624252, 0.6743415809084262, 0.6985802660268158, 0.6629694389972531, 0.6839409881747338, 0.6473950178045506, 0.6962200322712961, 0.6938901028565431, 0.6833480480126761, 0.6854381690794746, 0.6802487226002614, 0.692814646888757, 0.6871395011641847, 0.6910626328662718, 0.6889652462698606, 0.6900581435758102, 0.6842927210845492], "val_qwk": [0.16062631949331452, 0.6606583413105909, 0.673636265047175, 0.6379840337676638, 0.7019416202216522, 0.630115312718182, 0.6886910888177613, 0.6784362319621393, 0.6879953488627202, 0.7083842066939652, 0.5896311109677558, 0.6430694085736826, 0.6898033373568564, 0.6956758152875766, 0.7373421131894033, 0.6857020915755749, 0.6563988394942111, 0.6730075747993872, 0.6818179339676654, 0.674848168944016, 0.6996608026729427, 0.6825745124050605, 0.6756676135967639, 0.704741699958672, 0.6897928851423027, 0.6801885843881621, 0.6993831528855852, 0.6981310417706448, 0.6923119917279155, 0.6875863474103452]}