{
    "best_epoch": 64,
    "best_val_qwk": 0.7684721856436368,
    "test_loss": 0.8247123409447998,
    "test_accuracy": 0.7270742358078602,
    "test_precision": 0.7209103324460735,
    "test_recall": 0.7270742358078602,
    "test_f1_score": 0.717134565950924,
    "test_specificity": 0.9275720220810149,
    "test_roc_auc": 0.9134905482169191,
    "test_qwk": 0.751590284921375,
    "confusion_matrix": [
        [
            416,
            14,
            21,
            0,
            0
        ],
        [
            13,
            38,
            34,
            4,
            4
        ],
        [
            11,
            31,
            186,
            11,
            11
        ],
        [
            1,
            4,
            29,
            11,
            3
        ],
        [
            1,
            12,
            41,
            5,
            15
        ]
    ]
}