{
  "train_loss": [
    2.049069835840027,
    1.6231468300350378,
    1.2727387912286436,
    1.1389698837298514,
    1.105365880037266,
    1.0820714878579958,
    1.0967598137308339,
    1.0762938111206222,
    1.0745691782464095,
    1.0711892945844619,
    1.0703748783778624,
    1.0571349525386518,
    1.062417922042758,
    1.0681191332678976,
    1.0560299965853248,
    1.0523130615226557,
    1.0610805850048535,
    1.0532448068668283,
    1.0559082409071792,
    1.056438573722631,
    1.058690143413231,
    1.0531498797930003,
    1.0532348578582045,
    1.050740969311344,
    1.0522347172427047,
    1.05339576018964,
    1.0479510242496033,
    1.0448364781551673,
    1.0510289773263566,
    1.0502010976356235,
    1.0561530324604993
  ],
  "val_loss": [
    1.433684784433116,
    1.3036980369816655,
    1.2422672095506087,
    1.2425307190936545,
    1.2479854718498562,
    1.2356000205744868,
    1.2398443092470584,
    1.238540900790173,
    1.2347787022590637,
    1.2347070833911067,
    1.2480227817659792,
    1.2436404979747275,
    1.240373152753581,
    1.238380227399909,
    1.2234642246495122,
    1.2359504699707031,
    1.2265386218610017,
    1.2503206263417783,
    1.2460624186888984,
    1.2307873316433118,
    1.2440760342971138,
    1.246451015057771,
    1.2519638512445532,
    1.2330131867657537,
    1.2436565057091091,
    1.237248438855876,
    1.2419283934261487,
    1.2533139638278796,
    1.2457295241563215,
    1.2327285849529763,
    1.2433706288752349
  ],
  "val_acc": [
    0.5204359673024523,
    0.6103542234332425,
    0.659400544959128,
    0.6512261580381471,
    0.6485013623978202,
    0.667574931880109,
    0.667574931880109,
    0.667574931880109,
    0.667574931880109,
    0.667574931880109,
    0.6539509536784741,
    0.659400544959128,
    0.670299727520436,
    0.667574931880109,
    0.6730245231607629,
    0.670299727520436,
    0.6566757493188011,
    0.670299727520436,
    0.667574931880109,
    0.667574931880109,
    0.6648501362397821,
    0.6566757493188011,
    0.662125340599455,
    0.6730245231607629,
    0.6566757493188011,
    0.6512261580381471,
    0.667574931880109,
    0.6566757493188011,
    0.667574931880109,
    0.670299727520436,
    0.659400544959128
  ],
  "val_qwk": [
    0.5406697018160744,
    0.6161674199127525,
    0.6798969606649168,
    0.6710496341258301,
    0.6606006713647378,
    0.6762209108553727,
    0.6628727623059172,
    0.6709969116625435,
    0.6635694514903123,
    0.6624273843746467,
    0.6380109625329369,
    0.6561058561675692,
    0.6872419029487092,
    0.6608117490723326,
    0.6768845806734909,
    0.6752685281632562,
    0.6512599020651855,
    0.6699463888585497,
    0.6673017012484412,
    0.6790716814535338,
    0.6757202905135588,
    0.6486328321594018,
    0.6592977405606635,
    0.6784215208851101,
    0.6626168799914229,
    0.6650836825644342,
    0.6653161409749193,
    0.6593355847451302,
    0.6660973526900085,
    0.6700100255809667,
    0.6585066639507807
  ],
  "gate_mean": [
    0.44836587023213914,
    0.30741223627752295,
    0.1475171656475041,
    0.06624651370478458,
    0.038747977984488986,
    0.02664113641192353,
    0.020977717452769072,
    0.01772400330691064,
    0.016609298258694144,
    0.01610000597954285,
    0.012567503520292662,
    0.007835839266883709,
    0.005567608845211525,
    0.004387807931822261,
    0.003478640287127244,
    0.0029502282748660427,
    0.002579688668999149,
    0.002313856212956617,
    0.002212772589899559,
    0.0020045568566016162,
    0.001920262884089082,
    0.001766122752912546,
    0.0016552640915252878,
    0.0016189660505478173,
    0.0015760828693819745,
    0.0015488412960233992,
    0.0015228611501086442,
    0.0014870566795605535,
    0.0014894347748581748,
    0.0014759638592285293,
    0.0013230357378278478
  ],
  "lambda_noninf": [
    1.5,
    1.492436974789916,
    1.484873949579832,
    1.477310924369748,
    1.469747899159664,
    1.4621848739495797,
    1.4546218487394957,
    1.4470588235294117,
    1.4394957983193277,
    1.4319327731092437,
    1.4243697478991597,
    1.4168067226890757,
    1.4092436974789915,
    1.4016806722689075,
    1.3941176470588235,
    1.3865546218487395,
    1.3789915966386554,
    1.3714285714285714,
    1.3638655462184874,
    1.3563025210084034,
    1.3487394957983194,
    1.3411764705882352,
    1.3336134453781512,
    1.3260504201680672,
    1.3184873949579832,
    1.3109243697478992,
    1.3033613445378152,
    1.2957983193277312,
    1.2882352941176471,
    1.280672268907563,
    1.273109243697479
  ],
  "margin_noninf": [
    0.02,
    0.019873949579831934,
    0.019747899159663865,
    0.0196218487394958,
    0.019495798319327733,
    0.019369747899159663,
    0.019243697478991597,
    0.01911764705882353,
    0.01899159663865546,
    0.018865546218487395,
    0.01873949579831933,
    0.01861344537815126,
    0.018487394957983194,
    0.018361344537815127,
    0.018235294117647058,
    0.018109243697478992,
    0.017983193277310926,
    0.017857142857142856,
    0.01773109243697479,
    0.017605042016806724,
    0.017478991596638654,
    0.01735294117647059,
    0.017226890756302522,
    0.017100840336134453,
    0.016974789915966387,
    0.01684873949579832,
    0.01672268907563025,
    0.016596638655462185,
    0.01647058823529412,
    0.01634453781512605,
    0.016218487394957983
  ]
}