{
  "train_loss": [
    1.1821966615856672,
    0.9507256469439939,
    0.8283147226428725,
    0.6887306461894447,
    0.549773777361776,
    0.39357685851431934,
    0.3047414998946294,
    0.2813436012369036,
    0.24702544640647908,
    0.24669430867000355,
    0.43276335661365684,
    0.5294413292587129,
    0.5346672012587714,
    0.4071068809739227,
    0.4225935906151442,
    0.38520430657462995,
    0.2779129985923487,
    0.24956170043047984,
    0.2782443074784318,
    0.23240077280810947,
    0.2090628672330106,
    0.1873499234639556,
    0.19114039820501877,
    0.19284296551810914,
    0.17267744186654932,
    0.18859646491747084
  ],
  "val_loss": [
    1.0271452717159106,
    1.079654443523158,
    0.967649177364681,
    0.9303083743738092,
    1.0273505928723707,
    1.0472195407618647,
    1.1278229368769603,
    1.0633203562187112,
    1.1266943669837455,
    1.0742431419051213,
    1.266516625881195,
    1.1346438514149708,
    1.2605450231096018,
    1.3264739928038225,
    1.3003404496804527,
    1.385533851125966,
    1.3262112697829371,
    1.4371455745852513,
    1.4329740884511366,
    1.4570823797713155,
    1.43645035378311,
    1.4163429860187613,
    1.419747438767682,
    1.4778090307246083,
    1.5238318663576376,
    1.5061193685168806
  ],
  "val_acc": [
    0.7629427792915532,
    0.7057220708446866,
    0.7901907356948229,
    0.8010899182561307,
    0.8310626702997275,
    0.8256130790190735,
    0.8256130790190735,
    0.8310626702997275,
    0.8283378746594006,
    0.8337874659400545,
    0.784741144414169,
    0.7901907356948229,
    0.782016348773842,
    0.7983651226158038,
    0.7629427792915532,
    0.7901907356948229,
    0.7929155313351499,
    0.8065395095367848,
    0.8283378746594006,
    0.8310626702997275,
    0.8147138964577657,
    0.8065395095367848,
    0.8365122615803815,
    0.8337874659400545,
    0.8365122615803815,
    0.8228882833787466
  ],
  "val_qwk": [
    0.7794843870289352,
    0.7832892662268749,
    0.8227544170056147,
    0.8483192877997247,
    0.845021645021645,
    0.8733057636770969,
    0.859352742540776,
    0.8799797333087677,
    0.8773464503524863,
    0.8772478814748302,
    0.8177180564356896,
    0.8619076830455792,
    0.8480603156837005,
    0.8460037466666361,
    0.8429637224041586,
    0.8582569810565697,
    0.8476322201213249,
    0.8262711961306699,
    0.8660214846096053,
    0.8620988725065047,
    0.8744218903495701,
    0.8585653085733747,
    0.8758317356490357,
    0.876359859065961,
    0.8742357603873959,
    0.8678716657512243
  ],
  "gate_mean": [
    0.49435000618298847,
    0.46345409018094424,
    0.47413813660705023,
    0.5038369299609804,
    0.5534620809424771,
    0.6049203038867054,
    0.6576302888614883,
    0.6901373589625124,
    0.7047920884981833,
    0.7101398315586027,
    0.7335831415457804,
    0.741895729075364,
    0.7472300428510363,
    0.7626818841923781,
    0.775600255187092,
    0.7862460997586693,
    0.7991188477948715,
    0.8197772369358709,
    0.8306810624612485,
    0.8330555317180405,
    0.8369423037018281,
    0.8411914318637118,
    0.8430907455949835,
    0.8441013127076821,
    0.844831631483276,
    0.846059192725218
  ],
  "lambda_noninf": [
    1.5,
    1.492436974789916,
    1.484873949579832,
    1.477310924369748,
    1.469747899159664,
    1.4621848739495797,
    1.4546218487394957,
    1.4470588235294117,
    1.4394957983193277,
    1.4319327731092437,
    1.4243697478991597,
    1.4168067226890757,
    1.4092436974789915,
    1.4016806722689075,
    1.3941176470588235,
    1.3865546218487395,
    1.3789915966386554,
    1.3714285714285714,
    1.3638655462184874,
    1.3563025210084034,
    1.3487394957983194,
    1.3411764705882352,
    1.3336134453781512,
    1.3260504201680672,
    1.3184873949579832,
    1.3109243697478992
  ],
  "margin_noninf": [
    0.02,
    0.019873949579831934,
    0.019747899159663865,
    0.0196218487394958,
    0.019495798319327733,
    0.019369747899159663,
    0.019243697478991597,
    0.01911764705882353,
    0.01899159663865546,
    0.018865546218487395,
    0.01873949579831933,
    0.01861344537815126,
    0.018487394957983194,
    0.018361344537815127,
    0.018235294117647058,
    0.018109243697478992,
    0.017983193277310926,
    0.017857142857142856,
    0.01773109243697479,
    0.017605042016806724,
    0.017478991596638654,
    0.01735294117647059,
    0.017226890756302522,
    0.017100840336134453,
    0.016974789915966387,
    0.01684873949579832
  ]
}