{
  "accuracy": 0.7084468664850136,
  "f1_macro": 0.632318991563464,
  "qwk": 0.7216354829258409,
  "classification_report": {
    "No DR": {
      "precision": 0.9052631578947369,
      "recall": 0.9502762430939227,
      "f1-score": 0.9272237196765498,
      "support": 181.0
    },
    "Mild": {
      "precision": 0.0,
      "recall": 0.0,
      "f1-score": 0.0,
      "support": 37.0
    },
    "Moderate": {
      "precision": 0.5057471264367817,
      "recall": 0.88,
      "f1-score": 0.6423357664233577,
      "support": 100.0
    },
    "Severe": {
      "precision": 0.0,
      "recall": 0.0,
      "f1-score": 0.0,
      "support": 19.0
    },
    "Proliferative": {
      "precision": 0.0,
      "recall": 0.0,
      "f1-score": 0.0,
      "support": 30.0
    },
    "accuracy": 0.7084468664850136,
    "macro avg": {
      "precision": 0.2822020568663037,
      "recall": 0.3660552486187846,
      "f1-score": 0.3139118972199815,
      "support": 367.0
    },
    "weighted avg": {
      "precision": 0.5842706927047018,
      "recall": 0.7084468664850136,
      "f1-score": 0.632318991563464,
      "support": 367.0
    }
  }
}