{"train_loss": [6.111299179779376, 1.0313016542645752, 0.8788564542277915, 0.820866339030813, 0.8069464675878566, 0.7739767123604081, 0.7600866077376194, 0.7375410233364731, 0.7275586336688266, 0.7077535157158075, 0.7916819115724069, 0.788261641732982, 0.7866208041951956, 0.7647039052404341, 0.7931386504342647, 0.7616315519874864, 0.7674481174984916, 0.7451628062243019, 0.7452096033617447, 0.7251396695447099, 0.7262530354528479, 0.7243744514353289, 0.7147373192297305], "val_loss": [1.0392817314054401, 0.920897347563294, 0.8864300809699118, 0.8623671015211932, 0.999160804605614, 0.7976582842074558, 0.7920642973454187, 0.7714142046604884, 0.7739821471050584, 0.7585815882325497, 0.8426321439587128, 0.8489551026100034, 0.8094871154598059, 0.7839416342632647, 0.782798751498438, 0.7951329568913587, 0.7662376725706158, 0.8622564342106396, 0.7578555308992921, 0.7670797099859253, 0.7564220836929144, 0.7870493295731922, 0.764711310168378], "val_acc": [0.7002724795640327, 0.6730245231607629, 0.7111716621253406, 0.7166212534059946, 0.7166212534059946, 0.7193460490463215, 0.7329700272479565, 0.7220708446866485, 0.7384196185286104, 0.7275204359673024, 0.6975476839237057, 0.7084468664850136, 0.7220708446866485, 0.7111716621253406, 0.7220708446866485, 0.7247956403269755, 0.7166212534059946, 0.7465940054495913, 0.7329700272479565, 0.7275204359673024, 0.7356948228882834, 0.7166212534059946, 0.7384196185286104], "val_f1": [0.6197349218991218, 0.5882825384427932, 0.6297564681034303, 0.6362118612054903, 0.6612445891819521, 0.6644124828529381, 0.6848783863471176, 0.6460921817784041, 0.6803338364871864, 0.6645217981074862, 0.6250962381752573, 0.6630274719486088, 0.653456488720882, 0.6325190265902471, 0.6665746182155917, 0.6663517683630811, 0.6732524249087116, 0.6921094491097489, 0.6884024951851452, 0.6490130251457422, 0.6834307878692573, 0.6351755643674031, 0.681282864217555], "val_qwk": [0.6561386688746773, 0.585894515130674, 0.6952084541635013, 0.7150932668547312, 0.6078951301738789, 0.7105814381414345, 0.6806008150941696, 0.7208529872062863, 0.7088533417363927, 0.7048799294998898, 0.6962322871142894, 0.6262729124236253, 0.6966128511285934, 0.6875491302751295, 0.701141720724364, 0.6956823572516728, 0.6588298171749247, 0.6738882934116772, 0.6913704692627651, 0.6942948763318216, 0.6769366197183099, 0.6914922651994018, 0.7082107146209357]}